environment,lambda_cd,strategy,rmse,gt_deficit,reference_deficit,in_target,source
half_domain,0.0,ergo_adaptive,1.6707022521171488,0.16525136462541518,0.08619246425198106,46.66126605716931,/run/media/kmgovind/SharedDrive/Research/adaptive-ocean-exploration-sim/revision_sims/lambda_fine/slurm_62996784/task_0/attempt_0/20261001_144558/summary_metrics.csv
half_domain,0.005,ergo_adaptive,1.6312416066027973,0.12447141155005721,0.07847702250391729,74.86402036801296,/run/media/kmgovind/SharedDrive/Research/adaptive-ocean-exploration-sim/revision_sims/lambda_fine/slurm_62996784/task_1/attempt_0/20261001_144556/summary_metrics.csv
half_domain,0.01,ergo_adaptive,1.6201250370496418,0.09462457132154731,0.07742592802586797,85.14060872584191,/run/media/kmgovind/SharedDrive/Research/adaptive-ocean-exploration-sim/revision_sims/lambda_fine/slurm_62996784/task_2/attempt_0/20261001_144555/summary_metrics.csv
half_domain,0.015,ergo_adaptive,1.9181155024888683,0.08518370044668679,0.08372211859440155,85.48779076495777,/run/media/kmgovind/SharedDrive/Research/adaptive-ocean-exploration-sim/revision_sims/lambda_fine/slurm_62996784/task_3/attempt_0/20261001_144556/summary_metrics.csv
half_domain,0.02,ergo_adaptive,1.9755802784148588,0.08285541755005733,0.08285541755005736,87.32785557227173,/run/media/kmgovind/SharedDrive/Research/adaptive-ocean-exploration-sim/revision_sims/lambda_fine/slurm_62996784/task_4/attempt_0/20261001_144555/summary_metrics.csv
half_domain,0.025,ergo_adaptive,2.1006514505596967,0.08669001522859275,0.08669001522859275,91.95694942714964,/run/media/kmgovind/SharedDrive/Research/adaptive-ocean-exploration-sim/revision_sims/lambda_fine/slurm_62996784/task_5/attempt_0/20261001_144555/summary_metrics.csv
half_domain,0.03,ergo_adaptive,2.2193298617139408,0.09014390103615004,0.09014390103615004,92.18840411989353,/run/media/kmgovind/SharedDrive/Research/adaptive-ocean-exploration-sim/revision_sims/lambda_fine/slurm_62996784/task_6/attempt_0/20261001_144555/summary_metrics.csv
half_domain,0.035,ergo_adaptive,2.2873036265263704,0.08938978265511058,0.08938978265511059,92.65131350538132,/run/media/kmgovind/SharedDrive/Research/adaptive-ocean-exploration-sim/revision_sims/lambda_fine/slurm_62996784/task_7/attempt_0/20261001_144558/summary_metrics.csv
half_domain,0.04,ergo_adaptive,2.41800090224607,0.09026105191860614,0.09026105191860614,92.77861358639046,/run/media/kmgovind/SharedDrive/Research/adaptive-ocean-exploration-sim/revision_sims/lambda_fine/slurm_62996784/task_8/attempt_0/20261001_144555/summary_metrics.csv
half_domain,0.045,ergo_adaptive,2.468578618706198,0.09158335314136373,0.09158335314136373,92.89434093276242,/run/media/kmgovind/SharedDrive/Research/adaptive-ocean-exploration-sim/revision_sims/lambda_fine/slurm_62996784/task_9/attempt_0/20261001_144555/summary_metrics.csv
half_domain,0.05,ergo_adaptive,2.5354592221364745,0.09316593213821056,0.09316593213821056,92.83647725957644,/run/media/kmgovind/SharedDrive/Research/adaptive-ocean-exploration-sim/revision_sims/lambda_fine/slurm_62996784/task_10/attempt_0/20261001_144550/summary_metrics.csv
moving_pocket,0.0,ergo_adaptive,1.5473850868839127,0.16562456346203616,0.008252613896289628,10.97095243606064,/run/media/kmgovind/SharedDrive/Research/adaptive-ocean-exploration-sim/revision_sims/lambda_fine/slurm_62996784/task_11/attempt_0/20261001_144559/summary_metrics.csv
moving_pocket,0.005,ergo_adaptive,1.6186667406629527,0.12148748715604957,0.008550857458306953,16.363846776993405,/run/media/kmgovind/SharedDrive/Research/adaptive-ocean-exploration-sim/revision_sims/lambda_fine/slurm_62996784/task_12/attempt_0/20261001_144555/summary_metrics.csv
moving_pocket,0.01,ergo_adaptive,1.7189519715165689,0.08422354104068908,0.008678650485025967,22.16178683022798,/run/media/kmgovind/SharedDrive/Research/adaptive-ocean-exploration-sim/revision_sims/lambda_fine/slurm_62996784/task_13/attempt_0/20261001_144555/summary_metrics.csv
moving_pocket,0.015,ergo_adaptive,1.7645875598992784,0.059421403428706915,0.009324828443363338,29.209582224279597,/run/media/kmgovind/SharedDrive/Research/adaptive-ocean-exploration-sim/revision_sims/lambda_fine/slurm_62996784/task_14/attempt_0/20261001_144555/summary_metrics.csv
moving_pocket,0.02,ergo_adaptive,1.7854969087695112,0.042355220004828324,0.008576729480402768,31.269528989700266,/run/media/kmgovind/SharedDrive/Research/adaptive-ocean-exploration-sim/revision_sims/lambda_fine/slurm_62996784/task_15/attempt_0/20261001_144556/summary_metrics.csv
moving_pocket,0.025,ergo_adaptive,1.9015500092750215,0.037673422719807385,0.008877295309621402,38.79180650387686,/run/media/kmgovind/SharedDrive/Research/adaptive-ocean-exploration-sim/revision_sims/lambda_fine/slurm_62996784/task_16/attempt_0/20261001_144555/summary_metrics.csv
moving_pocket,0.03,ergo_adaptive,1.8520235187888865,0.033623718667112536,0.009260319333776282,42.57609073023956,/run/media/kmgovind/SharedDrive/Research/adaptive-ocean-exploration-sim/revision_sims/lambda_fine/slurm_62996784/task_17/attempt_0/20261001_144557/summary_metrics.csv
moving_pocket,0.035,ergo_adaptive,2.001410354789593,0.03222472935062834,0.009644536197427868,44.16155537553524,/run/media/kmgovind/SharedDrive/Research/adaptive-ocean-exploration-sim/revision_sims/lambda_fine/slurm_62996784/task_18/attempt_0/20261001_144555/summary_metrics.csv
moving_pocket,0.04,ergo_adaptive,1.9943790445501257,0.02947144613052232,0.009683981186670833,41.34938085869691,/run/media/kmgovind/SharedDrive/Research/adaptive-ocean-exploration-sim/revision_sims/lambda_fine/slurm_62996784/task_19/attempt_0/20261001_144555/summary_metrics.csv
moving_pocket,0.045,ergo_adaptive,2.103846715473706,0.027005402323489008,0.009582806478614718,48.91794931142229,/run/media/kmgovind/SharedDrive/Research/adaptive-ocean-exploration-sim/revision_sims/lambda_fine/slurm_62996784/task_20/attempt_0/20261001_144628/summary_metrics.csv
moving_pocket,0.05,ergo_adaptive,2.1185547675142167,0.026365801609979655,0.010071110856582584,46.63812058789492,/run/media/kmgovind/SharedDrive/Research/adaptive-ocean-exploration-sim/revision_sims/lambda_fine/slurm_62996784/task_21/attempt_0/20261001_144620/summary_metrics.csv
