raw_wind,normal_val
0,-8.29236
0,-8.29236
0,-8.29236
0,-8.29236
0,-8.29236
0,-8.29236
0,-8.29236
0,-8.29236
0,-8.29236
0,-8.29236
0,-8.29236
0,-8.29236
0,-8.29236
0,-8.29236
0,-8.29236
0,-8.29236
0,-8.29236
0,-8.29236
0,-8.29236
0,-8.29236
0,-8.29236
0,-8.29236
0,-8.29236
0,-8.29236
0,-8.29236
0,-8.29236
0,-8.29236
0,-8.29236
0,-8.29236
0,-8.29236
0,-8.29236
0,-8.29236
0,-8.29236
0,-8.29236
0,-8.29236
0,-8.29236
0,-8.29236
0,-8.29236
0,-8.29236
0,-8.29236
0,-8.29236
0,-8.29236
0,-8.29236
0,-8.29236
0,-8.29236
0,-8.29236
0,-8.29236
0,-8.29236
0,-8.29236
0,-8.29236
0,-8.29236
0,-8.29236
0,-8.29236
0,-8.29236
0,-8.29236
0,-8.29236
0,-8.29236
0,-8.29236
0,-8.29236
0,-8.29236
0,-8.29236
0,-8.29236
0,-8.29236
0,-8.29236
0,-8.29236
0,-8.29236
0,-8.29236
0,-8.29236
0,-8.29236
0,-8.29236
0,-8.29236
0,-8.29236
0,-8.29236
0,-8.29236
0,-8.29236
0,-8.29236
0,-8.29236
0,-8.29236
0,-8.29236
0,-8.29236
0,-8.29236
0,-8.29236
0,-8.29236
0,-8.29236
0,-8.29236
0,-8.29236
0,-8.29236
0,-8.29236
0,-8.29236
0,-8.29236
0,-8.29236
0,-8.29236
0,-8.29236
0,-8.29236
0,-8.29236
0,-8.29236
5.04156,0.118673
5.53446,0.319848
4.5792,-0.0750163
4.56405,-0.08146
4.31675,-0.187586
4.80614,0.020728
4.80278,0.0193224
4.91254,0.0651592
4.81801,0.0256997
5.01945,0.109532
5.51951,0.313815
5.77454,0.416198
6.18808,0.580057
5.7853,0.420496
6.03226,0.518605
6.03226,0.518605
6.03277,0.518809
4.86305,0.0445298
4.41438,-0.145465
4.42411,-0.141281
4.42451,-0.14111
4.42451,-0.14111
4.42531,-0.140767
4.42531,-0.140767
4.42531,-0.140767
4.42611,-0.140424
4.42651,-0.140252
4.42651,-0.140252
4.42691,-0.14008
4.42731,-0.139908
4.42731,-0.139908
4.42731,-0.139908
4.42731,-0.139908
4.42691,-0.14008
4.42691,-0.14008
4.42691,-0.14008
4.42611,-0.140424
4.42531,-0.140767
4.42491,-0.140938
4.42411,-0.141281
4.42332,-0.141623
4.42332,-0.141623
4.42332,-0.141623
4.42133,-0.142478
4.42053,-0.142819
4.42053,-0.142819
4.41934,-0.14333
4.41934,-0.14333
4.41934,-0.14333
4.41855,-0.143671
4.41855,-0.143671
4.41855,-0.143671
4.41895,-0.1435
4.41895,-0.1435
4.41934,-0.14333
4.41974,-0.14316
4.42014,-0.14299
4.42014,-0.14299
4.42053,-0.142819
4.42053,-0.142819
4.42133,-0.142478
4.42133,-0.142478
4.42133,-0.142478
3.66877,-0.475918
2.97574,-0.806808
4.1401,-0.264602
4.68223,-0.0313778
5.24044,0.200436
4.81178,0.0230927
6.30611,0.626388
6.1012,0.545836
5.53049,0.318248
5.68859,0.381815
6.56078,0.725775
6.76222,0.803865
6.09093,0.541783
6.75171,0.799802
6.76259,0.804008
5.96054,0.490208
5.46392,0.291349
6.06364,0.531008
6.16889,0.572507
6.10996,0.549292
5.86578,0.45257
5.27972,0.216486
4.92967,0.0722864
4.59814,-0.0669707
4.56268,-0.0820436
5.37665,0.255963
6.14991,0.565036
6.10255,0.546368
7.59396,1.12223
6.4223,0.671829
6.21868,0.592087
6.21375,0.590149
6.97761,0.886901
6.61701,0.747615
6.47499,0.69238
5.87116,0.45471
4.85082,0.0394216
5.75219,0.40727
5.85996,0.450252
5.96455,0.491799
5.96476,0.491882
5.96476,0.491882
5.65526,0.36845
6.05863,0.529029
6.31424,0.629575
5.84493,0.44427
5.38338,0.258695
5.48799,0.301083
5.12339,0.152421
5.01693,0.108489
4.81765,0.0255488
5.54526,0.324204
6.15125,0.565562
5.42397,0.27517
5.83082,0.438651
6.59893,0.740599
6.64515,0.758534
6.19809,0.583994
6.19809,0.583994
6.1947,0.582661
6.39326,0.660486
6.39178,0.659909
6.55299,0.722745
6.60512,0.743003
6.15301,0.566255
6.11286,0.550433
5.38277,0.258447
5.07388,0.132021
5.32792,0.23614
5.43355,0.279049
5.73279,0.399515
5.5727,0.335262
6.23585,0.598832
6.40507,0.6651
6.5521,0.722401
6.55596,0.723902
7.27122,0.999395
7.01537,0.901413
6.23372,0.597995
6.43798,0.677948
5.67727,0.377278
5.92686,0.476844
5.7593,0.410112
5.80898,0.429944
6.48443,0.696059
5.56547,0.33235
5.92101,0.474522
7.00052,0.895704
7.05438,0.916389
6.79726,0.817406
6.28183,0.616874
5.66656,0.372983
6.09189,0.542162
5.88183,0.458952
5.25446,0.206167
5.52182,0.314747
5.40979,0.269419
5.77201,0.415188
6.59528,0.739181
6.80134,0.81898
6.80134,0.81898
7.37332,1.03834
6.44743,0.681636
6.40398,0.664676
6.34452,0.641428
6.95831,0.879477
6.95823,0.879448
6.85817,0.84091
6.34551,0.641816
6.80627,0.820883
6.59463,0.738929
7.06591,0.920812
7.57816,1.11624
7.26372,0.996531
7.16632,0.959291
7.67781,1.15402
7.21735,0.978813
7.06357,0.919915
6.60443,0.742734
6.60454,0.742776
6.60465,0.742817
6.24378,0.601946
5.94009,0.482096
5.2583,0.207737
5.66434,0.372092
5.24446,0.202083
5.71262,0.391443
6.07082,0.533843
5.38315,0.258605
5.17283,0.172735
4.21175,-0.233234
4.13929,-0.26496
5.55552,0.328342
4.75341,-0.00139391
5.69021,0.382465
5.37554,0.255513
5.30472,0.226685
5.3353,0.239145
5.01797,0.10892
5.42261,0.274618
6.18254,0.577876
5.2948,0.222642
5.29532,0.222855
4.96913,0.08868
4.8614,0.0438393
5.20404,0.185537
4.5728,-0.0777366
4.89891,0.059486
5.25982,0.208358
5.46774,0.292894
4.87779,0.0506801
5.61139,0.350829
5.40681,0.268207
5.81857,0.433765
6.06835,0.53287
6.06335,0.530896
6.34809,0.642825
6.08883,0.540956
6.7092,0.783353
7.00814,0.898634
6.02557,0.51596
5.74893,0.405969
5.85462,0.448128
5.87663,0.456884
5.20917,0.187637
5.19253,0.180819
5.12928,0.154843
5.2571,0.207247
4.83914,0.0345377
4.70467,-0.0219101
4.56829,-0.0796556
4.64007,-0.049201
4.07955,-0.291255
4.111,-0.277394
4.14621,-0.261919
4.10663,-0.279317
4.24283,-0.219686
3.87463,-0.382491
4.00766,-0.323074
4.1918,-0.241952
4.02394,-0.315853
3.77566,-0.427173
3.995,-0.328701
3.71516,-0.454697
3.49263,-0.557431
3.63324,-0.492234
3.61091,-0.502524
3.5017,-0.553194
3.33323,-0.632598
3.46565,-0.570054
3.31156,-0.642932
3.64459,-0.487015
3.67673,-0.472269
3.44765,-0.578503
3.2196,-0.687077
3.04256,-0.773594
3.12777,-0.731694
3.10945,-0.740658
3.77078,-0.429385
3.48048,-0.563111
3.96972,-0.339949
4.05094,-0.303896
3.52149,-0.543968
3.34962,-0.624803
3.73471,-0.445784
4.22192,-0.228799
4.20365,-0.236771
4.38402,-0.158532
4.67164,-0.0358511
4.43575,-0.136284
4.70698,-0.0209348
4.57462,-0.0769634
4.69695,-0.0251651
4.40746,-0.148442
4.22748,-0.226373
3.98604,-0.332684
3.95565,-0.34622
3.91396,-0.364852
3.51774,-0.545717
3.53053,-0.539758
3.80551,-0.413651
4.29034,-0.199034
3.81074,-0.411284
4.34458,-0.175549
4.28448,-0.201578
4.20478,-0.236277
4.21845,-0.23031
3.97505,-0.337573
3.95986,-0.344343
4.29782,-0.19579
4.40153,-0.150993
3.87594,-0.381904
3.67393,-0.47355
3.91809,-0.363003
4.52318,-0.0988723
4.38601,-0.157672
3.37329,-0.613576
3.37428,-0.613106
3.90436,-0.369152
3.90743,-0.367776
3.55023,-0.530605
3.16713,-0.712506
4.28334,-0.20207
3.93499,-0.355444
3.90951,-0.366842
3.38338,-0.608798
4.17857,-0.247739
4.17232,-0.250474
3.95016,-0.34867
3.77621,-0.426923
4.23274,-0.224079
4.2685,-0.208517
4.13072,-0.268723
3.7737,-0.428061
3.89811,-0.371953
3.03974,-0.774988
3.7965,-0.417727
4.16532,-0.25354
3.07608,-0.757049
3.74033,-0.443223
3.68449,-0.468713
3.17909,-0.706695
3.81465,-0.409518
3.72073,-0.452154
3.53214,-0.539011
3.59544,-0.509663
3.62902,-0.494177
3.80268,-0.414933
4.05105,-0.303844
4.64415,-0.0474734
5.1071,0.145713
5.11054,0.14713
4.98197,0.0940053
5.81637,0.432889
5.63001,0.358312
5.59744,0.345218
4.91641,0.0667729
4.59075,-0.0701117
4.60021,-0.0660947
4.66695,-0.0378309
4.65504,-0.0428656
4.9239,0.0698863
4.52763,-0.0969729
3.99897,-0.326932
4.41606,-0.144744
4.1013,-0.281666
4.09278,-0.285419
4.21379,-0.232345
4.37552,-0.162196
4.64513,-0.0470593
4.00983,-0.322113
4.48029,-0.117194
4.42961,-0.138921
4.1726,-0.250354
3.82929,-0.40291
4.2603,-0.212081
4.43958,-0.134642
3.65517,-0.482157
3.98127,-0.334806
4.9305,0.0726348
6.17327,0.57423
5.92763,0.477153
5.02465,0.111685
4.62929,-0.0537622
4.58088,-0.0743031
4.37317,-0.163206
4.43447,-0.136835
3.73154,-0.447228
4.13404,-0.267266
4.7662,0.00397671
4.84631,0.0375351
4.87145,0.0480364
4.69098,-0.0276827
4.79776,0.0172163
6.5347,0.715631
4.40475,-0.149607
4.43847,-0.135115
4.56002,-0.0831748
4.78342,0.011207
4.24567,-0.218448
5.03824,0.117301
5.4816,0.298503
4.87638,0.0500924
5.88032,0.458354
6.20842,0.588054
5.80633,0.428886
5.56908,0.333805
5.94623,0.48453
4.20897,-0.23445
4.21348,-0.232479
5.70576,0.388696
6.75582,0.80139
7.11105,0.938123
7.0667,0.921117
7.19015,0.96841
7.18536,0.966578
6.62413,0.750379
6.06207,0.530388
5.63623,0.360811
5.63694,0.361096
5.22144,0.192662
5.90561,0.468407
7.03393,0.908538
6.44606,0.681101
6.8709,0.845819
6.87469,0.84728
4.81931,0.0262459
4.89776,0.0590041
4.52725,-0.0971333
4.54724,-0.0886143
3.93949,-0.353433
4.16511,-0.253635
4.36139,-0.16829
4.09407,-0.284852
4.10406,-0.280449
4.59234,-0.0694343
4.80215,0.0190572
4.33088,-0.181472
4.87067,0.0477079
4.29471,-0.197138
4.10152,-0.281569
5.71674,0.39309
6.09032,0.541544
4.57844,-0.0753381
5.9574,0.488962
5.86351,0.451665
4.97503,0.0911303
4.90993,0.0640735
5.12999,0.155133
5.12575,0.153392
5.65578,0.368661
5.7108,0.390712
4.32655,-0.183342
4.21015,-0.233933
4.9191,0.0678892
6.39265,0.660247
5.98651,0.5005
5.10588,0.145211
5.10941,0.146665
6.20536,0.586851
6.20559,0.586944
6.42952,0.674645
6.33098,0.63613
6.12428,0.554937
6.54362,0.719102
5.54704,0.324921
4.40643,-0.148883
4.40888,-0.147831
5.09728,0.141668
5.00362,0.102977
5.05733,0.125191
4.71242,-0.0186442
4.86482,0.045267
5.32653,0.235572
4.77929,0.00947255
4.81972,0.0264162
4.42573,-0.140588
4.38143,-0.159646
4.25291,-0.215297
4.80673,0.0209752
4.46495,-0.123763
4.76373,0.00293818
4.95228,0.0816857
5.04748,0.121121
5.04853,0.121555
5.62695,0.357083
5.47198,0.294609
5.47299,0.295019
4.87852,0.0509846
5.63037,0.358456
5.53949,0.321877
4.8126,0.0234347
4.99781,0.100572
5.00469,0.103421
4.78761,0.0129609
4.81406,0.0240484
4.41566,-0.144916
4.82347,0.0279859
4.21983,-0.22971
4.07843,-0.291749
4.26749,-0.208955
5.1375,0.158225
5.13899,0.158837
5.51227,0.310892
5.20431,0.185647
4.79911,0.0177819
4.8272,0.0295475
5.04768,0.121205
4.24704,-0.217849
5.05675,0.124951
5.05753,0.125271
4.94931,0.0804529
6.10763,0.548371
6.90232,0.857925
6.55843,0.724862
5.95335,0.487354
6.15941,0.568777
5.68869,0.381858
5.59517,0.344305
5.74259,0.403431
5.90029,0.466291
5.51987,0.313962
5.83755,0.44133
5.32411,0.234589
6.03894,0.521246
6.50839,0.705391
5.99827,0.505155
6.0526,0.526647
5.4382,0.280936
4.46657,-0.123071
4.37407,-0.162821
4.43539,-0.136441
4.87997,0.05159
4.50553,-0.106404
4.58877,-0.0709508
4.58886,-0.070913
4.41353,-0.145831
4.93185,0.0731968
5.43774,0.280747
5.43654,0.280263
5.59988,0.346201
5.03385,0.115486
4.74364,-0.0055041
6.42964,0.674694
6.12258,0.554266
5.60205,0.347073
6.18009,0.576915
7.00891,0.89893
6.30302,0.625179
6.65483,0.762287
6.92708,0.867463
6.62381,0.750257
5.95719,0.488881
5.80197,0.427148
5.58466,0.340078
5.0142,0.10736
5.93315,0.479343
5.46927,0.293512
6.64896,0.760013
6.53653,0.716344
7.04522,0.912873
7.09833,0.933245
6.83627,0.832463
6.67863,0.771514
6.37154,0.651996
6.67571,0.770382
6.58171,0.733908
6.26175,0.608999
6.04155,0.522281
6.28489,0.618074
5.98711,0.500738
5.78635,0.420913
4.94542,0.0788367
4.64868,-0.0455562
4.46485,-0.123807
3.70798,-0.457976
3.94378,-0.351517
3.74585,-0.440711
4.36582,-0.166378
4.40567,-0.149209
4.17903,-0.247536
4.54967,-0.087581
5.25944,0.208204
5.27208,0.213366
4.77352,0.00704928
3.76551,-0.43178
3.41382,-0.59442
4.55017,-0.0873684
4.9888,0.0968372
4.24025,-0.220806
4.28458,-0.201534
3.77034,-0.429587
5.54079,0.322403
6.02417,0.515406
5.60567,0.348528
6.24996,0.60437
6.77735,0.809711
7.29912,1.01005
6.27717,0.615047
6.11383,0.550816
7.03624,0.909424
6.73209,0.79221
7.04441,0.912564
6.85155,0.838358
6.79265,0.815622
6.53721,0.716608
6.72588,0.789808
6.87073,0.845753
6.24734,0.603344
5.94065,0.482317
5.94052,0.482268
6.30335,0.625309
6.30325,0.62527
5.76596,0.412774
6.28334,0.617467
6.33048,0.635933
5.49996,0.305922
5.75476,0.408299
5.03293,0.115108
5.04319,0.119347
5.04226,0.118965
4.3916,-0.155265
4.1902,-0.242651
3.86143,-0.388425
3.8599,-0.389113
4.17725,-0.248315
4.57649,-0.0761691
4.55122,-0.0869206
4.57518,-0.076726
4.57501,-0.0767999
5.61629,0.352801
5.19207,0.18063
5.19207,0.18063
5.19207,0.18063
4.68239,-0.0313092
4.95555,0.0830436
4.44419,-0.132662
3.88184,-0.379255
4.00269,-0.325281
4.55841,-0.0838607
4.76011,0.00141917
4.82931,0.0304304
3.81648,-0.408695
4.78577,0.0121917
3.92193,-0.361285
4.37288,-0.16333
4.51667,-0.101649
3.93536,-0.355279
4.09773,-0.283237
4.09751,-0.283333
4.09725,-0.283451
3.73353,-0.446323
3.86344,-0.38752
3.86297,-0.387733
4.7062,-0.0212643
5.34516,0.243157
3.96052,-0.344048
4.46307,-0.12457
4.43879,-0.134979
3.86493,-0.386853
4.4356,-0.136351
4.01246,-0.320945
3.69477,-0.464009
3.69477,-0.464009
3.45772,-0.573776
3.83512,-0.40028
4.11915,-0.27381
4.05887,-0.300388
3.98754,-0.332018
3.6078,-0.503957
3.2046,-0.694331
3.26014,-0.667553
3.37219,-0.614096
3.33455,-0.631972
3.55611,-0.527874
3.31895,-0.639406
3.36383,-0.61806
3.35867,-0.62051
3.97116,-0.339308
4.1002,-0.282149
4.15617,-0.257551
4.02224,-0.316604
3.96924,-0.34016
4.26132,-0.211638
4.82669,0.0293308
4.123,-0.272115
3.86874,-0.385137
3.98458,-0.333332
3.75384,-0.43708
3.86602,-0.386362
4.20573,-0.235862
3.61682,-0.499797
3.53541,-0.537488
3.52722,-0.541301
4.25269,-0.215392
4.23899,-0.221355
3.68452,-0.468698
3.44332,-0.580537
3.81747,-0.408243
3.67932,-0.471083
3.66152,-0.479239
3.06902,-0.760526
3.07307,-0.758533
3.10542,-0.742636
3.64243,-0.48801
3.23252,-0.680842
3.29352,-0.65155
3.31723,-0.640225
3.48617,-0.560453
3.91163,-0.365893
3.65474,-0.482355
3.49025,-0.558545
3.70037,-0.46145
4.11403,-0.27606
3.43049,-0.586567
2.91759,-0.835978
3.92273,-0.360928
3.79667,-0.41765
3.90888,-0.367125
4.46048,-0.125679
3.95086,-0.348359
3.57113,-0.520911
3.79391,-0.418902
3.83693,-0.399461
3.95812,-0.345119
3.7564,-0.435915
3.6575,-0.481084
4.03346,-0.311633
4.30717,-0.191735
4.30736,-0.191652
4.30736,-0.191652
4.12431,-0.271538
4.66003,-0.0407546
6.05581,0.527914
4.89209,0.0566426
4.02324,-0.316163
5.20304,0.185127
6.02064,0.514009
6.00973,0.509694
6.04841,0.524992
6.23437,0.59825
6.0421,0.522498
5.7851,0.420417
6.30228,0.62489
6.3012,0.624468
5.32106,0.233346
5.31317,0.230132
5.33403,0.238627
5.33839,0.240404
5.01049,0.105824
5.79522,0.424455
5.23858,0.199678
5.49517,0.303984
5.56691,0.332929
4.84363,0.0364167
4.44902,-0.130593
4.40644,-0.148879
3.8389,-0.398575
3.87267,-0.383373
3.99537,-0.328536
4.29683,-0.196218
4.07497,-0.293275
4.66906,-0.0369403
3.79399,-0.418864
4.23672,-0.222345
3.89768,-0.372146
3.98884,-0.331439
3.94438,-0.35125
3.95974,-0.344394
3.9967,-0.327945
3.94302,-0.351858
3.97909,-0.335778
3.5445,-0.533266
3.58522,-0.514391
3.90095,-0.37068
4.26834,-0.208585
4.56426,-0.0813687
4.04172,-0.307975
3.97848,-0.336046
4.07475,-0.293371
4.03118,-0.312643
4.00031,-0.326338
4.2643,-0.21034
4.2924,-0.198138
4.37519,-0.162336
4.94976,0.0806388
4.41724,-0.144234
4.21806,-0.230483
4.29293,-0.19791
4.11374,-0.276188
4.43757,-0.135504
4.36213,-0.167968
4.01188,-0.321201
4.21019,-0.233916
4.36925,-0.164897
4.96006,0.084915
5.69704,0.385202
5.63151,0.358914
5.62882,0.357833
5.70811,0.389634
5.61786,0.353428
5.43803,0.280864
4.69206,-0.0272284
4.37176,-0.163817
4.77812,0.00898341
5.21627,0.190546
5.21219,0.188875
5.70621,0.388875
6.41765,0.670014
5.40154,0.266069
5.87221,0.455126
5.68383,0.379909
5.14115,0.159722
5.67908,0.378006
5.4328,0.278745
5.42989,0.277567
4.85121,0.0395851
4.57888,-0.0751524
4.59976,-0.066286
4.48933,-0.11333
4.59048,-0.0702261
4.91965,0.0681208
5.33213,0.237855
5.29102,0.221098
4.96098,0.0852981
4.59981,-0.0662648
4.50386,-0.107117
4.20222,-0.237396
4.37007,-0.164542
4.38713,-0.157192
4.45908,-0.126279
4.46172,-0.125147
4.97585,0.0914687
4.86016,0.0433233
4.18206,-0.246212
4.72383,-0.013839
4.39242,-0.154912
4.12026,-0.27332
4.87219,0.0483452
4.79988,0.0181079
4.95306,0.0820085
4.72995,-0.0112615
4.54129,-0.0911507
4.50244,-0.107726
4.28046,-0.203323
4.09229,-0.285635
3.9141,-0.364787
4.0311,-0.31268
4.07365,-0.293857
4.64501,-0.0471087
5.23779,0.199355
5.18213,0.176554
5.29766,0.223806
5.2037,0.185395
5.14397,0.160881
4.89651,0.0584848
5.02364,0.111266
5.15443,0.16518
4.54472,-0.0896883
4.4157,-0.144895
4.98388,0.0947986
5.72635,0.396937
6.08561,0.539682
6.2111,0.58911
5.62605,0.356724
5.68804,0.381596
6.43483,0.67672
4.55301,-0.0861561
4.35395,-0.1715
3.38259,-0.609173
3.1602,-0.715875
3.99359,-0.329325
3.83945,-0.398325
3.86289,-0.387768
3.10649,-0.742112
2.90473,-0.842465
3.31268,-0.642398
3.36708,-0.616518
3.58491,-0.514532
3.58813,-0.513043
3.47914,-0.563738
4.40487,-0.149553
4.88911,0.0553999
4.75649,-0.00010102
5.17959,0.17551
4.84213,0.0357882
4.58655,-0.0718922
5.56079,0.330466
4.70842,-0.020329
4.81416,0.0240902
4.81934,0.0262555
4.48725,-0.114219
4.05239,-0.303255
4.34824,-0.173965
4.08754,-0.287729
4.30645,-0.192047
4.71174,-0.018932
4.54481,-0.0896491
4.74154,-0.00638483
4.74778,-0.00376153
3.83776,-0.399088
4.11906,-0.273848
4.08253,-0.289939
4.11606,-0.275169
4.90694,0.0628303
5.34476,0.242995
3.9388,-0.353742
4.03845,-0.309421
4.56571,-0.0807517
4.52204,-0.099358
3.06649,-0.761774
3.12269,-0.734179
3.90128,-0.370533
4.18397,-0.245375
3.80867,-0.412224
3.19037,-0.701222
3.60611,-0.504738
3.39644,-0.602622
3.20324,-0.694988
2.99879,-0.795313
3.6176,-0.499439
3.01853,-0.785502
3.76813,-0.430589
4.36425,-0.167054
3.30777,-0.644738
3.30823,-0.64452
3.42996,-0.586817
3.65107,-0.484038
3.32875,-0.634732
3.55514,-0.528323
3.35932,-0.6202
2.75933,-0.916729
3.01631,-0.786601
3.12273,-0.734158
3.61446,-0.500886
3.25669,-0.669208
2.94082,-0.824294
3.57503,-0.519105
3.02873,-0.78044
2.94087,-0.824271
3.57539,-0.518938
3.06068,-0.764641
2.86241,-0.863904
3.96581,-0.341689
3.4433,-0.580544
2.74208,-0.925658
3.72962,-0.448102
3.51763,-0.545768
3.34948,-0.624873
3.36806,-0.616055
3.47989,-0.563389
3.27157,-0.662065
3.21199,-0.690757
4.01192,-0.321182
4.40454,-0.149695
4.08265,-0.289885
4.69438,-0.0262485
4.91306,0.0653777
4.74993,-0.00285824
3.68263,-0.469567
3.67946,-0.471019
3.45545,-0.574842
3.83281,-0.40132
3.82786,-0.403554
4.10244,-0.281165
4.1312,-0.268511
5.22124,0.192581
5.21367,0.189482
3.70523,-0.459229
3.70598,-0.45889
4.05361,-0.302713
3.83549,-0.400113
3.6177,-0.499391
3.60612,-0.504736
3.00239,-0.793519
2.9712,-0.809078
2.97188,-0.808733
3.63497,-0.491442
4.34592,-0.17497
3.49318,-0.557175
3.47811,-0.56422
3.57875,-0.517382
3.14962,-0.72103
3.42332,-0.589944
3.55677,-0.527568
3.42997,-0.586812
3.60535,-0.505088
4.03141,-0.312541
3.44542,-0.579547
3.58874,-0.512759
3.73352,-0.446328
4.35018,-0.173129
5.28443,0.218411
6.08871,0.540909
4.80735,0.021237
5.59031,0.342351
7.25567,0.993455
6.91225,0.861753
6.7782,0.81004
7.79151,1.19704
7.86797,1.22592
5.48264,0.298922
4.63603,-0.0509107
5.25621,0.206885
4.83135,0.0312815
4.88117,0.0520909
4.44418,-0.132665
3.69976,-0.46173
4.3858,-0.157764
5.07209,0.131281
4.43858,-0.135069
3.59729,-0.50881
3.78943,-0.420929
3.62675,-0.495225
3.30943,-0.643946
2.39436,-1.1117
1.65451,-1.56138
1.50757,-1.66367
1.55156,-1.63244
1.7656,-1.48756
1.76161,-1.49017
2.06672,-1.29986
2.32658,-1.14948
2.81833,-0.886382
2.82886,-0.881001
3.79402,-0.418853
3.14963,-0.721021
3.38815,-0.606542
2.92188,-0.83382
3.66144,-0.479275
3.75089,-0.438423
3.07998,-0.755132
2.99844,-0.795488
2.78269,-0.904679
2.81146,-0.889903
2.54712,-1.02846
2.71737,-0.938491
3.52994,-0.540036
4.09428,-0.284757
5.40626,0.267986
4.6063,-0.0635083
3.48472,-0.561129
5.29908,0.224388
5.82185,0.435073
5.14625,0.16182
4.79302,0.01523
4.35323,-0.171813
3.78933,-0.420974
4.2791,-0.20391
6.03531,0.519812
6.04224,0.522554
5.27071,0.21281
5.27462,0.214403
5.66282,0.371483
5.63956,0.362148
5.76301,0.411594
5.66442,0.372124
5.15159,0.164016
4.66867,-0.0371043
4.50458,-0.106811
4.52862,-0.0965518
5.30128,0.225282
4.83057,0.0309577
4.65255,-0.043919
5.636,0.360718
4.1876,-0.243786
3.30587,-0.645645
3.50197,-0.553068
3.34361,-0.627663
3.34606,-0.626498
4.20237,-0.23733
3.31736,-0.640164
2.92964,-0.829913
2.83675,-0.876972
2.90901,-0.840308
3.05828,-0.765828
3.28245,-0.656852
3.28245,-0.656852
3.49721,-0.55529
3.27553,-0.660165
3.3872,-0.60699
3.54415,-0.533428
3.70529,-0.459203
3.77257,-0.428575
3.86476,-0.386929
3.68936,-0.466485
4.14337,-0.263167
4.05025,-0.304198
4.157,-0.257188
4.74809,-0.00363093
5.44588,0.284047
4.92427,0.0700403
5.1297,0.155014
5.41955,0.273378
5.28084,0.216944
5.07985,0.134484
6.32777,0.634872
7.14477,0.951042
6.29852,0.623415
6.81027,0.822427
6.66143,0.764848
6.45944,0.686319
6.30106,0.62441
6.36957,0.651227
5.65381,0.367867
5.40288,0.266614
4.91568,0.0664668
5.31454,0.230687
5.75056,0.406617
5.72312,0.395644
4.10856,-0.278469
4.55734,-0.0843125
4.56154,-0.0825279
4.14895,-0.260719
3.80642,-0.41324
3.32808,-0.635055
2.79816,-0.896727
3.64645,-0.486159
3.86299,-0.387726
3.71344,-0.455482
3.49027,-0.558535
3.41541,-0.593673
2.78261,-0.904718
2.68683,-0.954431
2.93272,-0.828365
3.26646,-0.664519
3.01808,-0.785725
2.77056,-0.910929
2.88413,-0.852882
2.88413,-0.852882
3.02757,-0.781018
3.12612,-0.732499
3.22727,-0.683375
3.33112,-0.633605
3.38516,-0.607959
3.20235,-0.695419
3.20235,-0.695419
3.12292,-0.734064
2.93249,-0.828479
3.5009,-0.553568
3.36127,-0.619274
3.10569,-0.742504
4.11476,-0.27574
4.62543,-0.0553976
3.5055,-0.551421
3.50439,-0.551941
3.82146,-0.406442
3.70333,-0.460097
3.18765,-0.702537
3.31469,-0.641437
4.46246,-0.124828
3.75801,-0.435186
3.82109,-0.406611
3.2758,-0.660038
3.29624,-0.650248
3.30111,-0.647923
4.10358,-0.28066
4.26609,-0.209563
4.68086,-0.0319536
5.29926,0.224461
5.15354,0.164814
3.62044,-0.498128
4.67023,-0.0364458
4.17563,-0.249027
4.32368,-0.184588
5.3715,0.253869
5.88475,0.460113
4.63029,-0.0533423
4.5291,-0.0963444
5.39264,0.262458
5.10787,0.14603
4.2133,-0.232557
4.65453,-0.0430816
4.08533,-0.288703
4.43366,-0.137183
4.70179,-0.0231249
5.39355,0.262825
3.26923,-0.663187
3.92725,-0.358902
3.26552,-0.664967
4.41035,-0.147197
4.36524,-0.166628
3.92756,-0.358767
3.36803,-0.616068
3.10443,-0.743122
3.46044,-0.572497
3.71336,-0.45552
3.35734,-0.621141
3.31097,-0.643211
3.52204,-0.543711
3.32176,-0.638064
3.32907,-0.634582
2.81921,-0.885936
2.92893,-0.83027
3.04869,-0.77056
2.89135,-0.84923
3.00629,-0.791582
2.75159,-0.920731
3.16439,-0.713835
3.37899,-0.610876
3.28143,-0.657338
3.2856,-0.655342
3.02833,-0.780637
2.88509,-0.852395
3.04329,-0.773233
4.48955,-0.113235
4.95083,0.0810828
4.95288,0.0819343
3.92287,-0.360861
3.56203,-0.52513
2.58594,-1.0077
2.17237,-1.23759
2.42979,-1.09216
2.78677,-0.90258
3.09494,-0.747776
3.04247,-0.77364
3.14572,-0.722928
3.19511,-0.698925
2.88504,-0.852421
3.29348,-0.65157
3.59916,-0.507945
3.70771,-0.4581
3.40918,-0.596611
3.80514,-0.413817
3.28824,-0.654076
3.65692,-0.481352
3.55361,-0.529036
2.6827,-0.956592
2.20966,-1.21599
2.92054,-0.834495
3.17454,-0.708902
3.27312,-0.661322
3.37209,-0.614146
3.67417,-0.473441
3.82298,-0.405758
3.30074,-0.648096
3.71277,-0.455788
3.34555,-0.62674
2.87871,-0.855627
3.28603,-0.655137
3.51577,-0.546634
3.38212,-0.609394
2.87961,-0.855176
2.73615,-0.928729
2.7538,-0.919589
2.59598,-1.00235
3.47869,-0.563948
3.86924,-0.384916
3.73412,-0.446055
3.77539,-0.427294
4.14901,-0.260692
4.00184,-0.32566
3.68515,-0.46841
3.10976,-0.740508
3.3699,-0.615182
2.34602,-1.13859
2.1134,-1.27214
2.95046,-0.819458
2.93666,-0.826383
2.92444,-0.832529
2.01395,-1.33161
2.14581,-1.25309
2.17366,-1.23684
1.96457,-1.36172
2.62374,-0.987625
2.41881,-1.0982
2.86772,-0.861203
2.19658,-1.22355
3.43647,-0.583757
4.1382,-0.265438
4.1406,-0.264385
2.60911,-0.995377
2.6207,-0.989235
2.87545,-0.85728
3.77052,-0.429503
3.22333,-0.685277
3.24142,-0.676555
3.10513,-0.742778
2.85472,-0.867813
2.74766,-0.922765
2.55373,-1.02491
2.46011,-1.07556
2.69361,-0.950883
2.94963,-0.819873
3.08554,-0.752397
2.97789,-0.805734
3.63876,-0.489695
2.73557,-0.929032
3.21212,-0.690694
3.82876,-0.403149
3.42197,-0.59058
3.47472,-0.565808
4.55236,-0.0864361
4.25065,-0.216281
3.85872,-0.389645
3.86275,-0.387832
3.39717,-0.602278
3.09033,-0.750043
3.04973,-0.77005
3.10649,-0.74211
2.45808,-1.07667
2.4951,-1.05652
2.99834,-0.795535
3.07033,-0.759881
3.38971,-0.605806
2.96075,-0.814304
2.69085,-0.952324
2.8779,-0.856038
2.96734,-0.811006
2.86616,-0.861996
2.41969,-1.09772
2.12679,-1.26425
2.14107,-1.25587
2.6252,-0.986852
2.83623,-0.877234
2.88618,-0.851846
2.71414,-0.940174
2.68508,-0.955342
3.12287,-0.734091
3.08612,-0.752111
2.98018,-0.804589
3.45707,-0.574078
3.42006,-0.591481
3.33507,-0.631725
3.03749,-0.7761
2.79185,-0.899968
2.9582,-0.815579
3.4368,-0.5836
3.49561,-0.556037
3.76645,-0.431352
3.52728,-0.541272
3.62991,-0.49377
3.94121,-0.352663
3.69029,-0.466059
3.43749,-0.583275
3.1452,-0.723185
3.45497,-0.575067
3.45699,-0.574119
3.50257,-0.552791
3.91051,-0.366395
3.65471,-0.482367
3.70763,-0.458134
3.65915,-0.48033
3.40481,-0.598671
3.45718,-0.574027
3.30474,-0.646186
3.26056,-0.667353
3.57945,-0.517059
3.61779,-0.49935
3.74115,-0.442853
3.73116,-0.447402
3.20937,-0.692023
3.11123,-0.739788
3.42278,-0.590201
3.49124,-0.558081
3.90774,-0.367634
4.0164,-0.319194
3.96666,-0.341309
3.47401,-0.566142
3.43023,-0.586691
3.68026,-0.470651
3.83969,-0.398215
3.63804,-0.490026
3.1944,-0.699267
2.98832,-0.800529
3.11255,-0.739141
4.1028,-0.281006
3.89435,-0.37364
3.46462,-0.57054
4.1389,-0.265131
4.60924,-0.0622624
3.81963,-0.40727
3.98485,-0.333213
3.71147,-0.45638
3.12163,-0.734695
3.27082,-0.662424
3.52488,-0.542387
3.25542,-0.669823
2.94719,-0.821097
2.69046,-0.952531
2.59699,-1.00182
2.42346,-1.09564
2.46153,-1.07479
2.45458,-1.07858
2.6814,-0.957269
2.39931,-1.10896
2.31753,-1.15456
2.9052,-0.842226
2.847,-0.871746
2.88349,-0.853207
2.63058,-0.98401
2.75445,-0.919252
2.6821,-0.956904
2.60782,-0.996061
3.15448,-0.718662
2.99465,-0.797373
3.12063,-0.735186
3.22413,-0.684894
3.03583,-0.776922
3.09185,-0.749295
3.14681,-0.722397
3.12446,-0.733311
2.8573,-0.866503
2.99413,-0.797632
3.228,-0.683027
3.25453,-0.670251
3.1384,-0.726499
2.90768,-0.840977
2.87678,-0.856606
2.85963,-0.865316
3.05739,-0.766264
3.12609,-0.732513
3.13563,-0.727854
3.31508,-0.64125
3.28859,-0.653908
3.3133,-0.642102
3.23345,-0.680398
3.30747,-0.644885
3.17443,-0.708958
3.19474,-0.699102
3.16285,-0.714587
2.97782,-0.805767
2.78935,-0.90125
3.11449,-0.738189
2.93431,-0.827567
2.84758,-0.871448
2.70578,-0.944529
2.93151,-0.828975
2.75212,-0.920457
2.55732,-1.02299
2.23066,-1.20391
2.19501,-1.22445
2.16576,-1.24144
2.21787,-1.21127
2.11921,-1.26871
2.0908,-1.28552
2.29863,-1.16522
2.42581,-1.09435
2.15977,-1.24493
2.39901,-1.10913
2.34674,-1.13819
1.92454,-1.38645
2.15821,-1.24584
1.74453,-1.50136
1.66122,-1.55684
1.99405,-1.3437
1.95626,-1.36683
2.01436,-1.33136
2.00573,-1.33659
1.9893,-1.34659
2.20059,-1.22123
2.2469,-1.19462
2.08234,-1.29055
2.10889,-1.27481
2.96651,-0.81142
2.90495,-0.842354
2.63242,-0.983036
2.63071,-0.983939
2.96487,-0.81224
2.76569,-0.913442
2.39499,-1.11135
2.54851,-1.02772
2.54947,-1.0272
2.25979,-1.18726
2.04523,-1.31274
2.06395,-1.30151
2.34143,-1.14116
2.33022,-1.14743
2.42067,-1.09718
2.69334,-0.951024
2.36259,-1.12934
2.60548,-0.997303
2.67168,-0.962365
2.56485,-1.01896
2.47609,-1.06685
2.63444,-0.981969
2.40556,-1.10551
2.71026,-0.942194
2.51709,-1.04463
2.48771,-1.06053
2.73675,-0.928422
2.64617,-0.975781
2.4677,-1.07142
2.34758,-1.13772
2.1629,-1.24311
2.60946,-0.995192
2.29729,-1.16597
2.70258,-0.946197
2.16885,-1.23964
2.27135,-1.18068
2.31434,-1.15636
2.39423,-1.11177
2.0534,-1.30783
1.85409,-1.43066
1.93602,-1.37933
2.26087,-1.18664
2.47683,-1.06645
2.79234,-0.899712
2.65393,-0.971694
2.78035,-0.905885
2.54792,-1.02803
2.56192,-1.02053
2.14599,-1.25298
2.15093,-1.2501
2.26392,-1.1849
2.18814,-1.22843
1.70053,-1.53046
1.81547,-1.4553
1.89883,-1.40247
1.8467,-1.43535
1.81791,-1.45374
1.69145,-1.53652
1.87329,-1.41852
1.88908,-1.40859
1.89469,-1.40507
1.9766,-1.35435
2.00862,-1.33484
2.04485,-1.31296
2.04743,-1.31142
2.52629,-1.03966
2.36999,-1.12522
1.78768,-1.47322
1.88745,-1.40961
1.61396,-1.58904
1.82345,-1.45019
1.69458,-1.53443
1.6405,-1.5709
1.7659,-1.48737
1.59186,-1.6043
2.05261,-1.30831
2.37273,-1.1237
2.22489,-1.20723
2.27022,-1.18132
2.44582,-1.08337
2.56045,-1.02132
2.67346,-0.961433
2.891,-0.849407
2.83473,-0.878001
2.81371,-0.888752
2.9989,-0.79526
2.6636,-0.966607
2.39433,-1.11172
2.5431,-1.03062
2.92956,-0.829955
2.47847,-1.06556
2.49907,-1.05437
3.09342,-0.748524
3.23518,-0.679564
4.2875,-0.200264
5.06834,0.129733
4.78464,0.0117181
4.78616,0.0123556
4.78744,0.0128892
5.90527,0.468272
5.55445,0.327907
6.21171,0.589348
6.76381,0.80448
6.59569,0.739341
6.63606,0.75501
5.6628,0.371476
5.48713,0.300737
5.72713,0.39725
5.72741,0.397361
4.5696,-0.079098
4.67616,-0.0339393
4.77526,0.00778133
4.52603,-0.0976551
5.28593,0.219023
5.99341,0.503232
6.1088,0.548833
6.12632,0.555741
6.16935,0.572689
5.97385,0.495482
4.9094,0.0638539
5.08861,0.138093
5.08861,0.138093
4.55094,-0.0870387
4.41312,-0.146006
5.12255,0.152073
5.03505,0.115982
5.53454,0.319882
5.87056,0.454471
6.63966,0.756403
6.5697,0.729241
6.30134,0.62452
6.4169,0.66972
6.67364,0.769578
6.38102,0.655706
6.00059,0.506076
5.54432,0.323825
5.15151,0.163981
5.30937,0.228581
5.39677,0.264134
5.16996,0.171559
5.31009,0.228875
4.88013,0.0516545
3.97004,-0.339806
3.95711,-0.345569
3.53086,-0.539607
3.80703,-0.412962
3.87034,-0.384419
3.5834,-0.515229
3.76348,-0.4327
3.77601,-0.427011
3.88526,-0.377719
3.58246,-0.515668
3.77794,-0.426139
4.31671,-0.187601
4.3772,-0.161468
4.39103,-0.15551
4.45334,-0.128737
4.4849,-0.115222
3.87458,-0.382516
4.06602,-0.297228
3.7167,-0.453993
3.73147,-0.447259
3.94598,-0.350537
3.96671,-0.341291
4.04363,-0.307127
4.15334,-0.258792
3.60148,-0.506875
3.25746,-0.668839
3.45288,-0.576048
3.4391,-0.58252
4.1443,-0.262759
3.9603,-0.344148
4.12837,-0.269755
4.12807,-0.269886
3.58681,-0.513654
5.12164,0.1517
4.96959,0.0888718
5.10014,0.142848
5.18717,0.178622
4.72752,-0.0122858
5.19177,0.180506
4.65061,-0.0447374
4.96511,0.0870114
4.48626,-0.114642
4.46974,-0.121712
4.22982,-0.225352
4.96708,0.0878307
5.38915,0.261039
5.64011,0.362369
5.74875,0.405894
5.74451,0.404199
5.16845,0.170939
5.47514,0.295888
4.83007,0.0307452
4.49623,-0.110379
4.90556,0.062256
4.87297,0.0486706
4.55314,-0.0861025
4.70167,-0.0231772
4.41017,-0.147276
4.3556,-0.170789
3.99546,-0.328493
4.06321,-0.298471
4.32551,-0.183793
4.17539,-0.249129
4.59046,-0.0702352
4.78192,0.0105752
4.49059,-0.11279
4.72739,-0.0123377
4.75732,0.000248152
4.75808,0.00056684
4.9719,0.0898288
4.68921,-0.0284288
4.03442,-0.311209
4.41188,-0.146538
5.0666,0.129016
4.93511,0.0745492
4.84296,0.0361368
4.81889,0.0260672
4.6943,-0.0262828
4.69687,-0.0251993
4.43549,-0.136397
4.55052,-0.0872163
3.97071,-0.339507
4.16987,-0.251546
4.20465,-0.236336
3.63044,-0.493523
4.26534,-0.209891
4.06785,-0.296418
4.05313,-0.302925
3.73455,-0.445858
3.9965,-0.328033
4.20485,-0.236249
4.44513,-0.13226
4.50408,-0.107023
4.32374,-0.184559
4.13668,-0.266104
4.46265,-0.124747
4.39037,-0.155794
4.17057,-0.251242
4.16084,-0.255504
4.31218,-0.189566
3.87216,-0.383603
3.71158,-0.45633
3.6197,-0.498471
3.90966,-0.366776
3.72998,-0.44794
4.37884,-0.160764
4.14318,-0.263252
3.97431,-0.337905
4.16604,-0.253224
4.2996,-0.195015
4.34184,-0.176731
4.14677,-0.261675
3.94005,-0.353185
3.71738,-0.453683
3.773,-0.428378
3.27509,-0.660376
3.26553,-0.664964
3.38256,-0.609184
3.18635,-0.703171
3.26832,-0.663623
2.82397,-0.883497
3.03761,-0.776043
1.90098,-1.40113
2.20486,-1.21876
2.0183,-1.32897
1.89396,-1.40553
2.00369,-1.33783
2.01839,-1.32892
1.95577,-1.36714
1.78846,-1.47271
1.96652,-1.36053
1.91419,-1.39289
1.92049,-1.38896
2.2807,-1.17537
2.04189,-1.31475
2.2459,-1.19519
1.90173,-1.40066
1.86954,-1.42088
1.76902,-1.48534
2.07375,-1.29567
2.23268,-1.20275
1.94322,-1.37488
1.97835,-1.35328
2.24361,-1.1965
2.2004,-1.22134
1.88591,-1.41058
1.6364,-1.57368
1.90592,-1.39804
1.94299,-1.37502
2.04693,-1.31171
1.79941,-1.46563
1.79941,-1.46563
1.88761,-1.40951
1.69882,-1.5316
1.69403,-1.5348
1.70177,-1.52963
1.74958,-1.49804
1.58769,-1.60719
1.43865,-1.71373
1.44048,-1.71239
1.80652,-1.46106
1.81045,-1.45853
1.80022,-1.46511
1.80588,-1.46147
2.27881,-1.17644
2.24857,-1.19366
2.09212,-1.28474
1.8543,-1.43053
1.77379,-1.48223
1.82326,-1.45031
1.9257,-1.38573
1.88233,-1.41282
2.00526,-1.33688
2.37098,-1.12467
2.30683,-1.16059
2.36357,-1.12879
2.88085,-0.854547
2.59182,-1.00457
2.60818,-0.995873
2.9793,-0.805027
3.14976,-0.72096
3.16519,-0.713448
3.43754,-0.583251
3.29759,-0.649603
3.25955,-0.667838
3.27189,-0.661911
3.07876,-0.755732
2.83551,-0.877605
2.85029,-0.870069
3.32721,-0.635465
3.07095,-0.759575
2.96212,-0.813619
2.96823,-0.810561
3.26804,-0.663757
3.26702,-0.664251
3.36688,-0.616615
3.77458,-0.427664
3.71555,-0.454519
3.09496,-0.747768
3.14223,-0.724633
2.82922,-0.880816
2.92022,-0.834653
3.47579,-0.565306
3.50592,-0.551224
3.10198,-0.744321
3.22792,-0.683061
3.09958,-0.745498
3.08232,-0.753981
2.68072,-0.957629
3.06664,-0.761701
3.13944,-0.725993
3.06615,-0.761945
3.29212,-0.65222
3.46829,-0.568821
2.88544,-0.85222
2.82345,-0.883767
2.99883,-0.795291
3.33778,-0.630437
3.11811,-0.73642
2.84087,-0.874869
2.82544,-0.882749
2.81103,-0.890121
2.39701,-1.11023
2.39444,-1.11166
2.39444,-1.11166
2.62089,-0.989134
2.66766,-0.964476
2.6656,-0.965556
2.51245,-1.04713
2.51564,-1.04541
2.72527,-0.934382
2.48058,-1.06441
2.81293,-0.889149
2.82303,-0.883981
3.12539,-0.732858
2.61279,-0.993428
3.07348,-0.758329
3.11786,-0.73654
3.03272,-0.778465
2.99886,-0.795279
3.42819,-0.587649
2.82742,-0.881735
2.89906,-0.845329
3.12134,-0.734838
3.13882,-0.726296
2.95145,-0.818962
2.76405,-0.91429
2.78047,-0.905822
2.69287,-0.951268
2.65751,-0.969808
2.7235,-0.935301
2.58595,-1.00769
2.80682,-0.892279
2.87266,-0.858697
2.68665,-0.954523
2.54879,-1.02757
2.45669,-1.07743
2.6278,-0.98548
2.64215,-0.977898
2.7575,-0.917674
3.11761,-0.736665
2.78737,-0.902272
2.85439,-0.867984
2.66968,-0.963415
2.4261,-1.09419
2.33201,-1.14643
2.29496,-1.16729
2.46318,-1.07389
2.83787,-0.876398
2.69544,-0.949929
2.71517,-0.939638
2.82779,-0.881548
2.83836,-0.87615
2.38675,-1.11591
2.39909,-1.10908
3.13783,-0.726778
3.1333,-0.728992
2.89937,-0.845172
2.89937,-0.845172
2.66549,-0.965615
2.62284,-0.988103
2.68338,-0.956235
2.49136,-1.05855
2.34716,-1.13795
2.5115,-1.04765
2.83051,-0.880158
3.14627,-0.722663
3.00791,-0.790774
2.96631,-0.811521
3.01946,-0.785037
2.71864,-0.937831
2.83591,-0.877401
2.79382,-0.898954
2.65441,-0.97144
2.60181,-0.999254
2.65311,-0.972127
2.66028,-0.968352
3.08854,-0.750923
2.84223,-0.874173
2.99919,-0.795114
3.00627,-0.791593
2.76618,-0.913192
2.62035,-0.989423
2.70587,-0.944483
2.90875,-0.840436
2.82187,-0.884574
2.77509,-0.908592
2.6713,-0.962565
2.84017,-0.875225
2.84892,-0.870766
2.69892,-0.948111
2.5487,-1.02761
2.40375,-1.10651
2.4175,-1.09892
2.47181,-1.06918
2.6309,-0.98384
2.64312,-0.977389
2.65534,-0.970952
3.2676,-0.663968
3.26714,-0.664192
3.22318,-0.685352
3.45278,-0.576091
3.46541,-0.570168
3.34441,-0.627283
3.4577,-0.573784
3.46367,-0.570987
3.51563,-0.546697
3.72054,-0.452241
3.72256,-0.451322
3.46304,-0.571281
3.41502,-0.593855
3.57074,-0.52109
3.66053,-0.479696
3.54686,-0.53217
3.58821,-0.513008
3.53178,-0.539179
3.82435,-0.405139
3.7581,-0.435145
4.10066,-0.281946
4.08336,-0.289574
4.21564,-0.231535
4.1936,-0.241165
3.91625,-0.363824
3.99856,-0.327117
4.02458,-0.315569
3.84683,-0.395001
3.55685,-0.52753
3.63223,-0.4927
3.85995,-0.389094
3.9301,-0.357629
3.79182,-0.419846
3.65358,-0.482885
3.62078,-0.497973
3.64307,-0.487715
3.81167,-0.410868
3.82772,-0.403615
3.48745,-0.559852
3.70637,-0.458708
3.30954,-0.643895
3.43081,-0.586418
3.24251,-0.67603
3.00049,-0.794466
3.47913,-0.563745
3.44519,-0.579657
3.66736,-0.476563
3.32484,-0.636595
3.29067,-0.652913
3.46353,-0.571051
3.42889,-0.58732
3.2981,-0.649362
3.31411,-0.641711
3.95066,-0.348444
3.97191,-0.338974
3.94208,-0.352277
3.71036,-0.456887
3.58645,-0.51382
3.71449,-0.455001
3.64905,-0.484966
3.46867,-0.568639
3.45139,-0.576748
3.69752,-0.462753
3.4921,-0.557681
3.20538,-0.693951
3.24115,-0.676688
3.49112,-0.558138
3.31756,-0.640066
3.26054,-0.667361
3.41827,-0.592322
3.35208,-0.623638
3.50504,-0.551635
3.50199,-0.55306
3.08864,-0.750873
2.92469,-0.832405
3.03686,-0.776415
3.41686,-0.59299
3.20029,-0.696413
3.11752,-0.736707
3.38243,-0.609247
3.38243,-0.609247
3.04755,-0.771127
3.97033,-0.339676
3.61068,-0.50263
3.60963,-0.503113
3.62862,-0.494363
3.51627,-0.5464
3.41712,-0.592866
3.38615,-0.60749
3.38713,-0.607023
3.45621,-0.574484
3.04858,-0.770617
3.3598,-0.619971
3.3598,-0.619971
3.09954,-0.74552
3.41369,-0.594484
3.65225,-0.483497
3.59659,-0.509136
3.34582,-0.626611
3.34379,-0.627579
3.13479,-0.728263
3.13377,-0.728762
3.13637,-0.72749
3.0808,-0.754728
3.0808,-0.754728
2.86395,-0.863123
3.27542,-0.660221
3.27439,-0.660713
3.27496,-0.660438
3.33099,-0.633665
3.28025,-0.657906
3.53729,-0.536615
3.53831,-0.536139
3.53465,-0.537842
3.46518,-0.570277
3.36794,-0.616109
3.85958,-0.38926
3.31972,-0.639037
3.23479,-0.679751
3.23676,-0.678802
3.37581,-0.612383
3.47251,-0.566844
3.21614,-0.688749
3.16661,-0.712755
2.94816,-0.820612
2.94918,-0.820102
2.90752,-0.841059
3.02775,-0.780929
3.28474,-0.655753
3.1199,-0.73554
2.9612,-0.814075
3.18011,-0.706197
3.22976,-0.682177
3.11476,-0.738058
3.11476,-0.738058
2.77209,-0.910141
2.77658,-0.907826
2.77658,-0.907826
2.89547,-0.847145
2.54133,-1.03157
2.21774,-1.21134
2.15488,-1.24778
2.15488,-1.24778
2.56144,-1.02078
2.5555,-1.02397
2.36063,-1.13043
2.57204,-1.01511
2.73397,-0.929862
2.75648,-0.918201
2.37995,-1.11968
2.53782,-1.03346
2.42188,-1.09651
3.04762,-0.771089
3.04762,-0.771089
3.1342,-0.728551
3.22993,-0.682095
3.22993,-0.682095
2.97212,-0.808617
2.88669,-0.851586
2.88669,-0.851586
3.12187,-0.734578
3.12187,-0.734578
2.80186,-0.894826
3.10372,-0.743469
2.84424,-0.873149
2.60733,-0.996324
2.40605,-1.10524
2.26116,-1.18648
2.51739,-1.04446
2.27178,-1.18043
2.5415,-1.03148
2.57974,-1.011
2.81208,-0.889587
2.77382,-0.909246
2.31059,-1.15847
2.04839,-1.31084
2.31702,-1.15485
2.45238,-1.07978
2.53037,-1.03746
2.71375,-0.940374
2.72079,-0.936709
2.91336,-0.83811
2.65286,-0.972258
2.56821,-1.01716
2.37707,-1.12128
2.74692,-0.923149
2.96439,-0.812481
2.80393,-0.893761
2.80393,-0.893761
3.03481,-0.777428
2.89638,-0.846683
2.89638,-0.846683
3.07318,-0.758478
3.15438,-0.718709
2.903,-0.84334
3.00611,-0.791672
3.00788,-0.790792
3.17649,-0.707957
3.58998,-0.512186
4.80303,0.0194278
5.37422,0.254975
4.30393,-0.193141
4.53205,-0.0950861
4.31897,-0.186624
3.95342,-0.347217
3.52208,-0.543692
3.65055,-0.484276
3.81706,-0.408428
3.62204,-0.497393
3.75669,-0.435784
3.5814,-0.516156
2.9824,-0.80348
3.25305,-0.670962
3.34605,-0.626502
3.30338,-0.646836
3.31075,-0.643319
3.2424,-0.676086
3.03121,-0.779214
2.93477,-0.827332
3.24479,-0.674936
3.24386,-0.675383
3.24293,-0.675831
3.25695,-0.669087
2.95499,-0.817186
2.85654,-0.866888
2.90528,-0.842186
2.71986,-0.937194
2.95631,-0.816525
2.94455,-0.822423
3.19111,-0.700864
3.15859,-0.71666
3.46929,-0.568351
3.05251,-0.768675
3.0252,-0.782192
3.30947,-0.643929
3.40423,-0.598943
3.39734,-0.6022
3.18992,-0.701439
3.42448,-0.589398
3.61544,-0.500434
3.64946,-0.48478
3.60768,-0.504015
3.50934,-0.549632
3.4197,-0.591648
3.88764,-0.376648
3.68741,-0.467377
3.66627,-0.47706
3.51845,-0.545382
3.2307,-0.681723
3.64902,-0.484978
3.65076,-0.484179
3.58768,-0.513251
3.54907,-0.531144
3.76822,-0.430546
3.72208,-0.451542
3.72031,-0.452349
3.4933,-0.557117
3.1841,-0.704263
3.44724,-0.578696
3.44835,-0.578171
3.52446,-0.542587
3.63747,-0.490289
3.6681,-0.476224
3.72214,-0.451512
3.72214,-0.451512
3.31449,-0.641531
3.21713,-0.688271
3.33503,-0.631745
3.17093,-0.710654
3.17004,-0.71109
3.07357,-0.758287
3.02837,-0.780618
3.02745,-0.781076
3.47475,-0.565793
3.47385,-0.566215
3.21506,-0.689272
3.61095,-0.502506
3.61348,-0.501337
3.91552,-0.364154
4.18462,-0.24509
3.80382,-0.414414
3.80382,-0.414414
4.4966,-0.11022
4.49587,-0.110533
4.43594,-0.136203
4.17017,-0.251418
3.70472,-0.459463
3.58776,-0.513216
3.53615,-0.537147
3.31433,-0.64161
3.11379,-0.738534
3.19653,-0.698238
3.50928,-0.549658
3.16682,-0.712653
3.16868,-0.711749
2.7308,-0.931507
2.95291,-0.818229
2.66092,-0.968016
2.78439,-0.903802
2.70612,-0.94435
2.59276,-1.00407
2.98071,-0.804324
3.06346,-0.763268
3.06125,-0.764362
3.09453,-0.74798
2.92125,-0.834135
3.10321,-0.743721
3.10346,-0.743596
2.89225,-0.848772
3.49075,-0.558311
3.49997,-0.554002
4.44185,-0.133665
5.14247,0.160267
5.53454,0.319882
5.06658,0.129007
5.8615,0.450867
6.29155,0.620683
6.46949,0.690236
6.4748,0.692305
6.39137,0.659751
6.05927,0.529282
6.35697,0.6463
5.397,0.264225
6.03266,0.518765
6.45238,0.683567
5.73644,0.400974
5.38278,0.258454
5.48872,0.301381
5.42509,0.275622
5.61924,0.353983
5.59483,0.344171
5.08134,0.135099
4.5743,-0.0770983
4.51145,-0.103879
4.79443,0.0158234
4.54387,-0.0900508
4.4553,-0.1279
4.46373,-0.124284
4.73207,-0.0103716
4.94205,0.077437
4.94868,0.0801887
4.95539,0.0829786
5.47467,0.295699
5.78714,0.421228
4.93611,0.0749665
5.50723,0.308857
5.31873,0.232395
5.55917,0.329812
5.56457,0.331987
5.15232,0.164314
5.17282,0.172733
5.68003,0.378384
5.54126,0.32259
5.54491,0.324063
5.15754,0.16646
5.10405,0.144457
5.44835,0.285047
5.25417,0.206052
5.25758,0.207445
5.26243,0.209426
5.86056,0.450492
5.86446,0.452043
5.53247,0.319048
5.53169,0.318731
5.53498,0.320059
5.13153,0.155767
5.03039,0.114055
5.09328,0.140019
4.71463,-0.0177132
5.18912,0.179421
5.19088,0.18014
6.64808,0.759669
6.45884,0.686084
6.45946,0.686326
5.04824,0.121433
6.56416,0.727089
7.05625,0.917104
6.95864,0.879605
6.75719,0.801919
6.75723,0.801936
6.0971,0.544219
6.7003,0.779908
5.98066,0.498183
5.98069,0.498192
5.46474,0.29168
5.46464,0.291641
5.46445,0.291563
4.80225,0.019098
5.75096,0.406779
5.68466,0.38024
7.28623,1.00513
7.07351,0.923728
7.05107,0.91512
7.07508,0.92433
7.07627,0.924785
6.28584,0.618446
6.13113,0.557638
6.54758,0.720641
6.55413,0.723188
6.25061,0.604628
5.38602,0.25977
5.80439,0.428113
5.3231,0.234179
5.32546,0.23514
6.59158,0.737743
6.19193,0.581571
6.19552,0.582985
6.06659,0.532172
6.50684,0.704789
6.51082,0.706338
5.99543,0.504033
6.00115,0.506298
6.90156,0.857635
6.9952,0.89366
6.21047,0.58886
6.03827,0.520984
6.06642,0.532106
5.95231,0.486944
5.96173,0.490681
5.5874,0.34118
5.15718,0.16631
5.40654,0.268097
5.41658,0.27217
6.38875,0.658726
6.39789,0.662295
6.00465,0.507684
6.84332,0.835182
6.53906,0.717329
6.57575,0.731592
6.58412,0.734843
6.58876,0.736649
5.30299,0.225979
4.65694,-0.0420618
5.01758,0.108756
5.2666,0.211131
5.49792,0.305096
5.184,0.177319
4.86844,0.0467801
6.04255,0.522677
5.78923,0.422062
5.69071,0.382665
5.74803,0.405608
5.10039,0.142949
5.19731,0.182779
5.8734,0.4556
6.25345,0.60574
6.02299,0.514941
6.06915,0.533184
6.65291,0.761544
6.52989,0.713762
6.08222,0.538345
5.92983,0.478024
7.05896,0.918146
6.95995,0.88011
7.0433,0.912136
7.14913,0.952711
6.61659,0.747455
6.17843,0.576261
6.17716,0.575762
6.94553,0.874561
6.94421,0.874055
5.50833,0.309304
5.67449,0.376165
5.49379,0.303428
5.83878,0.441821
6.0453,0.523762
5.85676,0.448978
5.98315,0.49917
5.65594,0.368721
5.87593,0.456607
5.25995,0.208415
5.28296,0.217808
5.28202,0.217428
5.75989,0.410347
5.9454,0.484202
5.6044,0.348019
6.03743,0.520652
5.83259,0.439356
5.70574,0.388686
5.18499,0.177727
5.45331,0.287054
5.54974,0.32601
5.18292,0.176876
4.70897,-0.020098
4.53725,-0.0928726
4.42298,-0.141769
4.39092,-0.155559
5.13573,0.157496
5.26876,0.212014
5.26827,0.211813
5.05128,0.122692
4.90521,0.0621091
4.62518,-0.0555033
4.11585,-0.275261
4.11539,-0.275462
4.11539,-0.275462
4.03035,-0.313009
4.47715,-0.118541
4.27666,-0.204972
4.66061,-0.0405116
4.45739,-0.127004
5.91862,0.473572
6.37249,0.652368
6.37249,0.652368
6.99051,0.89186
6.59635,0.739595
6.20279,0.585842
6.62818,0.751952
6.91939,0.864499
6.79903,0.818089
6.38549,0.657451
6.38628,0.657761
6.83854,0.833337
6.61215,0.74573
5.96507,0.492003
5.99814,0.505104
5.84735,0.445232
6.09959,0.545201
5.80318,0.42763
5.71591,0.392759
5.4042,0.26715
5.4048,0.267393
4.7377,-0.00800083
5.06884,0.129942
5.04969,0.122034
4.95315,0.0820455
4.59687,-0.0675134
4.41879,-0.143567
4.7197,-0.0155779
4.85501,0.04117
4.85438,0.0409105
4.72394,-0.0137912
4.60815,-0.0627266
4.60682,-0.0632894
5.10315,0.144087
5.10187,0.143559
5.4951,0.303958
4.54945,-0.0876733
4.54876,-0.0879677
5.93553,0.480288
5.70571,0.388673
5.23788,0.199392
4.98725,0.0961974
5.09335,0.140049
4.4013,-0.151091
4.47296,-0.120335
4.42445,-0.141136
4.44448,-0.13254
4.44303,-0.133161
4.77696,0.00849467
4.7755,0.0078823
5.52277,0.315132
4.62619,-0.0550782
4.62619,-0.0550782
6.01388,0.511337
5.68607,0.380805
5.27525,0.214661
5.03211,0.114769
5.16722,0.170432
5.20154,0.184511
5.31951,0.232713
6.15696,0.56781
5.55181,0.326845
4.90927,0.0637995
4.96438,0.0867087
4.95302,0.0819945
4.95177,0.0814715
4.82219,0.0274476
4.23352,-0.223739
4.2329,-0.224009
4.84944,0.0388431
4.55149,-0.0868043
5.14966,0.163222
5.26291,0.209621
6.11545,0.551456
5.22314,0.193357
5.34748,0.244103
5.60075,0.346552
6.16558,0.571204
5.77437,0.416131
4.93474,0.074397
4.90847,0.0634673
5.39791,0.264595
4.98392,0.0948142
5.19932,0.183602
5.20003,0.18389
5.75326,0.407697
5.43296,0.27881
5.25157,0.204989
5.92502,0.476117
6.42689,0.67362
7.10107,0.934298
6.24185,0.601189
6.27932,0.61589
6.28489,0.618073
6.02932,0.517443
6.18223,0.577758
6.24553,0.602631
5.83364,0.439772
5.92686,0.476847
5.92686,0.476847
5.20348,0.185308
5.47517,0.2959
4.52963,-0.0961208
4.53752,-0.0927576
4.77589,0.00804479
4.9243,0.0700563
5.43201,0.278428
5.40856,0.268918
5.42143,0.274137
4.78716,0.0127745
5.27713,0.21543
5.39144,0.261969
4.97013,0.0890958
5.00199,0.102303
4.49223,-0.112088
4.90753,0.0630734
5.56747,0.333154
5.39237,0.262348
4.88229,0.0525586
4.96722,0.0878865
5.40836,0.268838
5.47711,0.296687
5.17226,0.172502
4.93794,0.0757272
4.81215,0.0232464
4.57225,-0.0779732
5.67847,0.377762
5.5702,0.334255
5.5702,0.334255
5.31522,0.230965
4.94594,0.0790535
5.01285,0.106798
4.81603,0.0248705
4.8296,0.0305502
4.61338,-0.0605055
4.59203,-0.0695655
4.538,-0.0925508
4.35047,-0.173004
4.32425,-0.184338
4.4245,-0.141114
4.25111,-0.21608
4.05824,-0.300666
4.36898,-0.165014
4.375,-0.162419
4.23512,-0.223044
4.42561,-0.140637
4.05242,-0.303238
5.34143,0.241641
5.64486,0.364277
5.91517,0.472202
5.20699,0.186744
4.64701,-0.0462622
4.57498,-0.0768104
4.76326,0.0027436
4.56165,-0.0824791
4.9969,0.100195
6.46314,0.687761
6.07305,0.534724
5.92799,0.477295
5.80819,0.429626
5.84706,0.445119
5.84789,0.445449
6.1453,0.56322
6.04444,0.523424
5.71983,0.394328
5.27756,0.215607
5.2785,0.215991
4.85769,0.0422923
4.61757,-0.0587322
4.4814,-0.11672
4.13596,-0.266422
4.13596,-0.266422
3.99911,-0.326874
3.99911,-0.326874
4.05085,-0.303935
4.00739,-0.323196
4.40157,-0.150972
4.37549,-0.162206
4.42188,-0.142241
4.1757,-0.248997
4.19093,-0.242333
4.19005,-0.242717
4.95273,0.0818739
4.60698,-0.0632202
4.60357,-0.0646676
4.70621,-0.0212612
4.29036,-0.199024
4.51237,-0.103485
4.51083,-0.10414
4.31877,-0.186712
4.98328,0.0945502
4.77897,0.00933951
4.77834,0.0090717
4.48808,-0.113864
4.06626,-0.297122
4.06553,-0.297444
3.97529,-0.337468
3.86094,-0.388648
3.61769,-0.499398
3.61318,-0.501478
3.73476,-0.445762
3.40295,-0.599548
3.34145,-0.628691
3.34145,-0.628691
3.31647,-0.640589
3.87758,-0.381164
3.82814,-0.403429
3.75951,-0.434503
3.97821,-0.336167
4.18213,-0.24618
4.37526,-0.162308
4.37443,-0.162664
4.97219,0.0899519
4.81097,0.0227531
5.1347,0.15707
5.42632,0.276118
4.79876,0.0176379
4.30275,-0.193653
3.99944,-0.326725
4.00033,-0.326329
3.79536,-0.418244
3.58286,-0.51548
3.58286,-0.51548
3.58521,-0.514394
3.95944,-0.34453
3.95944,-0.34453
4.02734,-0.314343
4.05751,-0.300991
4.05751,-0.300991
3.65081,-0.484157
3.65081,-0.484157
3.6242,-0.496397
3.63764,-0.490211
3.65249,-0.483385
3.48814,-0.55953
3.68348,-0.469174
2.73658,-0.928509
2.7454,-0.923935
3.03592,-0.776881
3.24609,-0.674309
3.92539,-0.359738
3.92539,-0.359738
4.37307,-0.16325
4.16978,-0.251587
4.72815,-0.0120184
4.50881,-0.105005
5.15908,0.167089
5.7906,0.42261
5.84573,0.444587
5.84573,0.444587
4.70064,-0.0236102
5.09057,0.138902
5.08631,0.137149
4.02777,-0.314155
3.94646,-0.35032
4.40082,-0.151296
3.95834,-0.345022
3.88344,-0.378534
3.63264,-0.492511
4.06187,-0.29906
3.85281,-0.392308
3.82895,-0.403063
3.61198,-0.502032
3.9669,-0.341202
3.9669,-0.341202
4.09522,-0.284342
3.82987,-0.402648
4.18388,-0.245413
4.25595,-0.213972
4.21518,-0.231739
4.16047,-0.255668
3.94947,-0.348979
3.98778,-0.331908
4.22147,-0.228995
4.21796,-0.230525
4.50105,-0.108318
4.3542,-0.171395
3.89908,-0.371518
3.89908,-0.371518
4.07508,-0.293229
3.86278,-0.387817
4.15369,-0.25864
4.15369,-0.25864
4.23865,-0.221504
4.23899,-0.221359
4.23811,-0.221738
3.92549,-0.35969
3.92457,-0.360102
3.61813,-0.499192
3.2006,-0.696267
3.36097,-0.619417
3.63795,-0.49007
3.55573,-0.528052
3.55666,-0.52762
3.73126,-0.447355
3.57132,-0.520822
3.53312,-0.538554
3.00957,-0.789948
3.01131,-0.789087
3.91525,-0.364273
3.91673,-0.36361
4.04414,-0.306903
4.33867,-0.178103
4.34001,-0.177525
4.68108,-0.0318624
4.89167,0.0564693
4.60198,-0.0653433
4.42331,-0.141625
4.42331,-0.141625
4.6232,-0.0563446
4.53177,-0.0952054
3.88803,-0.376474
3.73492,-0.445689
3.94756,-0.349828
3.92694,-0.359042
3.59853,-0.508239
3.53598,-0.537226
3.53413,-0.538084
3.01309,-0.788201
3.07855,-0.755835
3.30125,-0.647855
3.13955,-0.72594
3.11673,-0.737092
3.62783,-0.494728
3.62511,-0.495979
3.76507,-0.431976
3.82219,-0.406114
4.04016,-0.308664
4.16546,-0.25348
4.46065,-0.125607
4.60506,-0.0640373
4.95007,0.0807678
4.5741,-0.0771837
4.5747,-0.0769311
4.01835,-0.318332
3.63975,-0.489241
3.83539,-0.400154
3.46163,-0.571942
3.49001,-0.558656
3.49248,-0.557502
4.09223,-0.285661
4.27944,-0.203766
4.36594,-0.166324
3.81919,-0.407467
3.61332,-0.501413
3.84098,-0.397637
3.69487,-0.463963
4.63696,-0.0505142
4.96912,0.0886773
5.52498,0.316023
5.10137,0.143355
4.84123,0.035413
4.3971,-0.152899
4.39885,-0.152146
4.22947,-0.225505
4.23684,-0.222294
4.27865,-0.204109
4.10266,-0.281068
4.09429,-0.284753
3.90573,-0.368535
3.9546,-0.346689
3.8293,-0.402904
3.67061,-0.475071
3.6389,-0.48963
3.7772,-0.426475
3.8738,-0.382866
3.58061,-0.516521
3.43251,-0.585617
3.43149,-0.586096
3.50881,-0.549876
4.00593,-0.323842
4.12219,-0.272473
3.84569,-0.395515
3.72939,-0.44821
3.42652,-0.588436
3.41913,-0.591918
3.53439,-0.537964
3.53351,-0.538375
3.2291,-0.682492
3.2102,-0.69162
3.42135,-0.590871
3.28584,-0.655224
3.28367,-0.656267
3.68053,-0.470529
3.68053,-0.470529
3.7572,-0.435554
3.68053,-0.470529
3.68053,-0.470529
4.09316,-0.285253
4.33504,-0.179671
4.33504,-0.179671
4.20224,-0.237387
3.776,-0.427018
3.47297,-0.566627
3.47297,-0.566627
3.02932,-0.780147
3.02855,-0.78053
2.75635,-0.918267
2.75635,-0.918267
2.97665,-0.806354
2.93678,-0.826322
2.84668,-0.871909
2.70205,-0.946474
2.935,-0.82722
2.93406,-0.82769
3.50124,-0.553409
3.86282,-0.387803
4.14053,-0.264416
3.99576,-0.328363
4.58959,-0.0706023
4.78701,0.0127106
3.67956,-0.470973
3.51703,-0.546047
3.51569,-0.546669
3.83068,-0.402281
4.07347,-0.29394
4.8106,0.0225965
4.6683,-0.0372619
4.54223,-0.090749
4.36147,-0.168255
4.60654,-0.0634065
4.02308,-0.316233
3.76166,-0.433526
3.76821,-0.43055
3.75514,-0.436489
2.9601,-0.814629
2.7334,-0.930158
3.28208,-0.657026
3.19703,-0.697992
3.04552,-0.772131
2.91685,-0.836355
2.71946,-0.937403
2.67767,-0.959225
2.65949,-0.968767
2.90078,-0.844461
2.99537,-0.797015
2.98069,-0.804334
3.29426,-0.651197
3.44082,-0.581709
4.27672,-0.204945
4.75568,-0.000442103
4.7491,-0.00320736
5.10828,0.1462
5.10344,0.144207
4.78766,0.0129817
5.07494,0.132456
4.1179,-0.274359
3.9533,-0.34727
4.0518,-0.303515
5.16699,0.170339
5.25498,0.206381
5.25263,0.205422
4.95055,0.0809687
4.79975,0.0180536
4.79494,0.0160352
4.63745,-0.0503087
3.96452,-0.342264
3.95383,-0.34703
3.33892,-0.629891
3.57107,-0.520941
3.45701,-0.574108
3.01637,-0.786572
3.02074,-0.784403
2.98907,-0.800154
2.95927,-0.815042
2.8026,-0.894445
2.77304,-0.909651
2.63299,-0.982735
2.60719,-0.996397
2.58716,-1.00705
2.55497,-1.02425
2.44922,-1.08151
2.42818,-1.09305
2.26417,-1.18476
2.23631,-1.20067
2.40741,-1.10449
2.41667,-1.09938
2.40964,-1.10326
2.83382,-0.878466
2.94127,-0.824067
3.03923,-0.775241
3.78481,-0.423022
3.84518,-0.395743
4.51633,-0.101794
4.48374,-0.115721
4.48762,-0.114059
4.48806,-0.113874
4.07458,-0.293446
4.07702,-0.29237
4.64969,-0.0451284
4.70934,-0.0199429
4.83525,0.0329136
4.65671,-0.0421608
4.35182,-0.172422
4.04003,-0.308723
3.80765,-0.412685
3.82466,-0.404997
3.82909,-0.402999
3.92029,-0.362017
3.58297,-0.515428
3.58096,-0.516362
3.41145,-0.59554
3.1805,-0.706007
3.17452,-0.70891
3.01123,-0.789125
2.99583,-0.796788
2.98922,-0.800079
2.88015,-0.854902
2.56949,-1.01648
2.48019,-1.06462
2.42081,-1.0971
2.40187,-1.10755
2.3999,-1.10864
2.36643,-1.1272
2.5285,-1.03847
2.53457,-1.0352
2.36239,-1.12945
2.37544,-1.12219
2.69818,-0.948494
4.21802,-0.230499
4.57809,-0.0754905
4.59472,-0.0684256
6.9618,0.880821
6.79622,0.817004
5.59748,0.345237
5.22148,0.19268
6.36599,0.649826
4.83627,0.0333407
4.8245,0.0284177
5.4547,0.287618
6.02189,0.514505
5.59883,0.34578
5.59416,0.343898
5.59029,0.342344
5.5872,0.341099
6.61493,0.746807
6.61835,0.748137
4.65493,-0.0429103
4.66308,-0.039468
4.65895,-0.0412129
4.65152,-0.0443527
3.86438,-0.387098
3.84793,-0.394506
3.86572,-0.386498
3.35943,-0.620146
3.34049,-0.629144
3.87707,-0.381397
3.86516,-0.386749
4.3081,-0.19133
4.2985,-0.195495
4.2894,-0.199442
4.79598,0.0164705
5.14257,0.160307
5.57171,0.334862
5.56344,0.33153
4.7468,-0.00417247
4.73893,-0.00748374
4.33109,-0.181382
4.32675,-0.183259
4.3253,-0.183884
4.32747,-0.182946
4.0348,-0.31104
4.18087,-0.246733
3.74883,-0.439357
3.76494,-0.432035
4.34969,-0.173341
3.83337,-0.401068
3.19563,-0.69867
3.20845,-0.692468
3.23451,-0.679887
3.2623,-0.666514
4.01434,-0.320111
3.99103,-0.330464
3.8651,-0.386774
4.20608,-0.235712
4.47721,-0.118515
4.5006,-0.108512
4.52154,-0.0995717
3.95265,-0.347556
4.05664,-0.301372
3.40089,-0.60052
3.78677,-0.422135
3.79624,-0.417847
4.05583,-0.301731
3.5602,-0.525975
3.36549,-0.617272
3.77913,-0.425598
4.1004,-0.282063
4.09781,-0.283203
4.09436,-0.284724
4.71259,-0.0185735
5.1067,0.145547
4.87433,0.0492378
3.65396,-0.482712
3.64882,-0.485071
3.64454,-0.487037
4.11455,-0.275831
4.11053,-0.277603
3.57909,-0.517226
3.4202,-0.591414
3.41766,-0.59261
3.41682,-0.593008
3.5575,-0.527228
3.49112,-0.558135
3.41416,-0.59426
3.41665,-0.593089
3.41913,-0.591917
3.29631,-0.650214
3.30119,-0.647883
3.59211,-0.511203
3.59776,-0.508593
4.88249,0.0526401
4.89082,0.0561135
3.97195,-0.338954
3.98246,-0.334275
3.99211,-0.329985
3.47742,-0.564546
3.38086,-0.60999
3.39321,-0.604147
4.01129,-0.321463
4.01129,-0.321463
4.03571,-0.310637
4.2726,-0.206736
4.28399,-0.20179
4.29451,-0.197224
4.29268,-0.198018
3.62286,-0.497013
3.63156,-0.493009
3.78309,-0.423801
3.74795,-0.439759
3.97789,-0.336309
4.27232,-0.206858
4.27757,-0.204574
3.72863,-0.448553
4.14189,-0.263815
4.1445,-0.262669
4.37965,-0.160412
3.775,-0.427472
3.77583,-0.427097
3.86991,-0.384615
4.03421,-0.311301
4.3755,-0.162201
4.3755,-0.162201
4.37462,-0.162582
4.94501,0.0786651
4.14312,-0.263277
4.14312,-0.263277
4.14395,-0.262915
3.62752,-0.494868
3.62837,-0.494477
3.90081,-0.370742
4.10095,-0.28182
4.10175,-0.281467
4.10255,-0.281115
5.11993,0.150995
5.24993,0.204317
5.25162,0.205009
4.20866,-0.234585
4.20866,-0.234585
4.20866,-0.234585
5.0739,0.132028
5.07304,0.131674
5.25678,0.207116
5.19438,0.181575
5.19179,0.180515
5.48613,0.300332
5.24401,0.201896
5.24147,0.200858
4.47214,-0.120686
4.47041,-0.121427
3.83208,-0.40165
4.24369,-0.21931
4.58984,-0.0704977
3.9663,-0.341474
4.04357,-0.307156
4.58119,-0.074173
4.22126,-0.229087
4.11979,-0.273527
4.19158,-0.242046
4.14509,-0.26241
4.14675,-0.261683
4.14841,-0.260956
3.80703,-0.412963
3.80855,-0.412277
3.81083,-0.411248
5.59062,0.342475
5.35196,0.245926
5.3545,0.246957
5.20629,0.186457
4.9893,0.0970457
4.57634,-0.0762306
3.59355,-0.51054
3.59538,-0.509692
4.97832,0.0924932
4.32171,-0.18544
4.14139,-0.264037
4.14229,-0.263639
5.24879,0.203853
5.24965,0.204204
5.25051,0.204554
4.91551,0.0663975
4.76074,0.0016842
4.76074,0.0016842
4.49347,-0.11156
4.47291,-0.120355
4.80611,0.0207154
4.82021,0.0266193
4.81933,0.0262523
4.81758,0.0255184
4.65342,-0.043549
5.21934,0.191804
5.3284,0.236335
4.93718,0.0754099
5.35703,0.247987
5.19605,0.182261
5.19097,0.180179
5.18674,0.178444
5.37275,0.254378
5.5302,0.318131
5.40921,0.26918
5.31058,0.229076
5.30387,0.226341
4.11025,-0.277726
4.10257,-0.281108
4.46416,-0.1241
4.11266,-0.276662
5.22968,0.196037
5.03385,0.115488
5.0285,0.113274
4.83731,0.0337738
4.68281,-0.0311334
4.85988,0.0432071
4.4086,-0.14795
4.40337,-0.150199
4.68721,-0.0292759
4.03768,-0.309763
3.91677,-0.363594
4.46052,-0.125659
4.50666,-0.105923
4.12954,-0.269239
4.13425,-0.267172
4.12719,-0.270276
3.96018,-0.344201
3.95262,-0.34757
3.69842,-0.462342
3.40008,-0.600904
3.393,-0.604249
4.18774,-0.243728
4.17996,-0.247132
4.5819,-0.0738707
4.35526,-0.170936
4.34844,-0.173882
4.32225,-0.185206
4.47241,-0.120569
4.46652,-0.12309
4.46148,-0.125251
4.45644,-0.127411
4.32953,-0.182056
4.32611,-0.183534
4.40592,-0.149102
4.40423,-0.149828
4.40339,-0.150191
3.474,-0.566144
3.35594,-0.621803
3.35775,-0.620944
3.627,-0.495106
3.92362,-0.360527
3.7946,-0.418588
3.53999,-0.535362
3.53999,-0.535362
3.38365,-0.608669
3.69638,-0.463277
3.70485,-0.459402
3.68131,-0.470171
3.69142,-0.465545
4.59255,-0.0693476
4.60518,-0.0639864
4.57975,-0.0747851
4.19366,-0.241139
4.20638,-0.235581
4.06151,-0.299219
4.06222,-0.298905
4.07631,-0.292682
3.93615,-0.354927
3.94989,-0.348792
4.34836,-0.173915
4.47329,-0.120192
4.32298,-0.18489
4.21866,-0.230219
4.22861,-0.225881
4.16108,-0.255398
4.23678,-0.222318
4.24221,-0.219956
4.11642,-0.275008
4.11925,-0.273767
4.44508,-0.13228
4.12237,-0.272391
4.27549,-0.20548
4.20659,-0.235486
4.20565,-0.2359
4.47604,-0.119014
4.0818,-0.290262
4.1619,-0.25504
4.32081,-0.185829
4.31728,-0.187354
4.21425,-0.232144
4.2116,-0.233302
4.10906,-0.27825
4.31299,-0.189213
4.30953,-0.190713
4.22673,-0.226702
3.60153,-0.506853
4.20002,-0.238356
4.19941,-0.238623
4.12648,-0.270584
4.12648,-0.270584
4.1652,-0.253593
3.72619,-0.449667
3.72619,-0.449667
3.95461,-0.346684
3.45632,-0.574431
3.52171,-0.543868
3.75338,-0.437291
3.85791,-0.390009
4.17889,-0.247598
4.17723,-0.248326
3.82872,-0.403167
3.81467,-0.409511
4.26523,-0.209936
4.26523,-0.209936
4.87382,0.049023
4.86954,0.0472392
4.30728,-0.191689
5.00829,0.104911
5.00829,0.104911
4.67967,-0.0324573
4.60566,-0.0637808
3.8195,-0.407329
4.65655,-0.0422269
4.13904,-0.265068
4.34668,-0.174642
4.57248,-0.0778746
4.37263,-0.16344
4.03866,-0.309329
4.03866,-0.309329
3.98666,-0.332406
4.54178,-0.0909424
4.66163,-0.04008
4.64997,-0.0450117
4.69749,-0.0249398
4.85716,0.0420705
4.1964,-0.239942
4.19104,-0.242282
4.29962,-0.195009
4.12377,-0.271776
4.11788,-0.274369
3.92462,-0.36008
4.6215,-0.0570646
3.50481,-0.551743
3.71355,-0.455434
3.80531,-0.413741
3.80531,-0.413741
4.10586,-0.279657
4.95432,0.0825314
4.99333,0.098714
4.71796,-0.0163088
5.10708,0.145704
5.59073,0.342521
5.58519,0.340291
5.37367,0.25475
4.56366,-0.0816256
4.55978,-0.0832755
4.6546,-0.0430496
5.20493,0.1859
4.61818,-0.0584733
4.61818,-0.0584733
5.40148,0.266045
5.40148,0.266045
5.36192,0.249974
5.69868,0.385857
4.84483,0.0369162
5.62947,0.358095
5.25037,0.204499
5.22771,0.195228
5.23006,0.196192
5.43328,0.278941
5.43572,0.27993
5.32167,0.233594
6.46542,0.688648
6.46848,0.689843
5.947,0.484839
5.94985,0.485967
5.49708,0.304756
6.87049,0.845662
6.87259,0.84647
6.27679,0.614896
6.01814,0.513022
5.56459,0.331996
5.18437,0.177473
5.18908,0.179405
4.20776,-0.234977
4.20698,-0.235319
4.20698,-0.235319
4.20698,-0.235319
4.7976,0.0171494
5.09964,0.142642
5.09964,0.142642
5.10745,0.145859
5.10531,0.144976
5.10318,0.144099
4.72606,-0.0128991
4.48395,-0.115631
4.48243,-0.116279
5.36706,0.252066
6.19785,0.583898
5.65015,0.366399
6.59037,0.737274
6.59037,0.737274
6.11252,0.550301
6.24686,0.603155
5.15882,0.166985
5.15882,0.166985
4.6308,-0.0531258
5.07438,0.132227
4.41273,-0.146173
4.41329,-0.145931
4.43957,-0.134645
4.58758,-0.0714565
5.02006,0.109782
5.03961,0.117868
5.21664,0.190698
5.21664,0.190698
5.09309,0.139942
5.14531,0.161436
4.88467,0.0535503
5.80258,0.42739
5.36455,0.251046
5.59715,0.345105
5.39379,0.262925
5.06743,0.129357
5.26292,0.209626
4.98168,0.0938861
5.70206,0.387215
5.4188,0.273071
5.4188,0.273071
5.69929,0.386103
5.35036,0.245274
5.35036,0.245274
5.89704,0.464999
5.91973,0.474015
5.17837,0.175009
5.75219,0.407269
5.93428,0.479792
6.70258,0.780789
6.73089,0.791748
6.00794,0.508984
5.76027,0.4105
5.16696,0.170329
5.16696,0.170329
4.87776,0.0506678
5.33019,0.237063
4.92181,0.0690171
4.92274,0.0694071
5.56385,0.331696
4.38423,-0.158441
4.38565,-0.157829
4.39341,-0.154488
4.39669,-0.153073
5.44358,0.283114
5.44649,0.284294
5.0133,0.106987
4.23762,-0.221952
4.24149,-0.220268
5.01796,0.108916
5.02265,0.110855
5.65082,0.366669
6.07818,0.53675
6.08395,0.53903
5.47187,0.294567
5.72561,0.396639
6.03677,0.52039
6.03677,0.52039
5.70828,0.389705
4.86657,0.0459968
4.87097,0.0478366
4.9769,0.091903
5.60295,0.347436
5.66446,0.37214
5.74011,0.402441
5.743,0.403597
5.8997,0.466057
4.66383,-0.0391491
5.39591,0.263785
5.39746,0.264412
6.32712,0.634618
5.68245,0.379355
5.68245,0.379355
5.03497,0.115952
4.97574,0.091421
4.97267,0.0901481
4.68275,-0.0311577
4.678,-0.0331609
4.91524,0.0662829
4.90973,0.0639923
4.8597,0.043129
5.47903,0.297463
5.47164,0.294473
5.31335,0.230205
5.14011,0.159295
5.13139,0.155711
5.62823,0.357599
4.81161,0.0230194
4.80191,0.0189566
6.04635,0.524177
6.03607,0.520113
5.14388,0.160847
6.07393,0.535072
4.84502,0.0369965
4.83473,0.0326943
3.6332,-0.492254
3.62276,-0.49706
4.21263,-0.232853
4.21263,-0.232853
4.92322,0.0696048
5.00774,0.104683
5.17787,0.174803
6.60088,0.741354
6.9074,0.859884
6.90132,0.85754
5.5963,0.344759
6.62626,0.751206
6.00914,0.50946
4.85724,0.042105
5.14138,0.159816
5.1397,0.159126
5.04409,0.11972
5.04368,0.119551
5.87437,0.455988
6.38072,0.655588
7.18057,0.964743
7.18101,0.964912
5.51116,0.310445
5.06638,0.128925
5.11676,0.149693
5.03958,0.117858
4.53327,-0.0945696
5.4333,0.278949
4.63718,-0.0504211
4.63718,-0.0504211
4.10613,-0.279537
4.30792,-0.19141
3.85369,-0.39191
3.85538,-0.391149
3.49021,-0.558562
3.49389,-0.556843
3.50041,-0.553797
3.70403,-0.459781
3.70657,-0.45862
3.38678,-0.607192
3.99287,-0.329648
4.21729,-0.230818
4.22026,-0.229519
4.41983,-0.14312
4.36196,-0.168043
4.28561,-0.201084
4.06741,-0.296614
4.06741,-0.296614
4.21171,-0.233251
4.39426,-0.154119
4.39951,-0.15186
3.49268,-0.55741
3.94754,-0.349841
3.94967,-0.348887
3.30411,-0.646489
3.9346,-0.355619
3.92442,-0.360168
2.85242,-0.868985
3.00033,-0.794546
3.00691,-0.791274
3.916,-0.363936
4.13276,-0.267826
4.39439,-0.154065
3.4111,-0.595705
3.90125,-0.370542
4.73972,-0.00715089
3.57093,-0.521004
3.51249,-0.548162
3.45651,-0.574343
3.4659,-0.569939
3.75436,-0.436843
3.12938,-0.730908
3.40317,-0.599443
3.16307,-0.714479
3.17763,-0.707404
3.23448,-0.679901
3.19075,-0.701037
3.46188,-0.571824
3.31573,-0.640939
3.10425,-0.74321
2.97891,-0.805222
3.22919,-0.68245
3.40045,-0.600732
3.44768,-0.578489
3.45499,-0.575058
3.76611,-0.431507
3.121,-0.735005
2.7028,-0.946086
2.70758,-0.943592
3.21911,-0.687314
3.47998,-0.563344
3.17896,-0.706758
3.09017,-0.750122
2.95528,-0.817041
3.33856,-0.630063
3.89563,-0.373064
3.60593,-0.504819
3.61527,-0.500513
3.04246,-0.773645
3.05319,-0.768338
3.61514,-0.500574
2.88042,-0.854762
2.70025,-0.947415
2.70025,-0.947415
3.29783,-0.64949
3.28811,-0.654141
3.47402,-0.566138
3.7272,-0.449207
4.04558,-0.306264
4.05052,-0.304081
3.80525,-0.413768
3.873,-0.383226
3.87925,-0.380417
4.12841,-0.269739
3.7187,-0.453083
3.47397,-0.566158
3.8413,-0.397492
3.84527,-0.395703
3.86756,-0.385667
4.34006,-0.177503
4.22107,-0.229168
4.22269,-0.228462
5.12632,0.153626
4.92754,0.0714039
4.92807,0.0716213
4.35403,-0.171468
4.10524,-0.279928
4.84734,0.0379675
4.84784,0.0381773
4.59388,-0.068779
4.67022,-0.0364505
4.67022,-0.0364505
4.48277,-0.116135
4.88554,0.0539136
4.88503,0.0536993
5.79205,0.423189
5.72572,0.396684
5.60745,0.349246
5.16352,0.168916
5.16263,0.168549
4.76476,0.0033727
4.79666,0.0167557
4.90993,0.0640748
4.90848,0.0634707
5.41035,0.269644
5.50799,0.309163
5.50596,0.308346
5.71427,0.392102
4.98311,0.0944774
4.98061,0.0934416
4.97811,0.0924073
4.97562,0.0913745
4.30517,-0.1926
4.76057,0.00161285
5.33092,0.237362
4.7781,0.00897095
5.54899,0.32571
6.07416,0.535165
5.95259,0.487055
5.45116,0.286185
5.80155,0.426979
5.13132,0.155682
5.30058,0.225
4.82795,0.0298596
4.52252,-0.0991512
4.87336,0.0488337
5.1458,0.161634
5.14626,0.161822
5.58401,0.339817
5.5845,0.340013
6.01035,0.509938
5.09437,0.14047
5.70717,0.38926
5.85715,0.449134
5.09873,0.142266
4.39381,-0.154314
4.39329,-0.154538
4.0764,-0.292647
4.00938,-0.322311
4.15705,-0.257166
4.90663,0.0626992
4.90401,0.0616096
4.47201,-0.120741
4.99591,0.0997828
4.76981,0.00549156
4.91988,0.0682159
6.01837,0.513111
6.01253,0.510803
7.01653,0.901855
6.18885,0.58036
5.11042,0.147081
5.10222,0.143702
4.10079,-0.28189
4.70979,-0.0197545
5.0782,0.133801
4.5971,-0.067416
5.11252,0.147943
5.47699,0.296638
5.79502,0.424376
4.21892,-0.230104
4.20913,-0.23438
3.33468,-0.63191
3.40075,-0.600585
3.4824,-0.562212
3.80677,-0.413081
3.79207,-0.419735
3.73409,-0.446065
3.72037,-0.452321
3.03657,-0.776555
2.86763,-0.861251
2.85591,-0.867207
3.62656,-0.495313
3.48384,-0.561542
3.95516,-0.346438
3.45613,-0.574523
3.47877,-0.563912
3.0472,-0.7713
3.2955,-0.650605
3.1575,-0.717191
3.25205,-0.671443
3.23761,-0.67839
3.53479,-0.537779
3.36678,-0.616661
3.45834,-0.573482
3.29347,-0.651576
2.97917,-0.805092
3.13342,-0.728934
3.02629,-0.781648
3.177,-0.707708
3.27988,-0.658082
3.17618,-0.708106
3.07378,-0.758182
2.86759,-0.861271
3.58865,-0.512805
3.79786,-0.417114
3.65274,-0.483271
3.39678,-0.602461
3.55099,-0.530251
3.3555,-0.622012
3.28026,-0.657899
3.41288,-0.594864
3.29307,-0.651766
3.28918,-0.653628
3.15429,-0.71875
3.33122,-0.633558
3.41731,-0.592778
3.19546,-0.698753
3.06893,-0.760573
3.578,-0.517728
3.72798,-0.448848
3.24376,-0.675431
3.41105,-0.595727
3.46142,-0.57204
3.83955,-0.398281
3.93786,-0.354162
4.16744,-0.252613
4.33198,-0.180996
4.16268,-0.254696
4.41053,-0.147121
4.20515,-0.236118
4.20372,-0.236741
4.17162,-0.250781
3.91453,-0.364595
3.74746,-0.43998
3.74967,-0.438978
3.50113,-0.553461
3.47403,-0.566129
3.47795,-0.564294
3.85856,-0.38972
3.40383,-0.599134
3.17683,-0.707788
3.28756,-0.654403
3.12256,-0.734239
2.81451,-0.888337
2.61299,-0.993322
2.81652,-0.887309
3.13029,-0.730463
2.93905,-0.825182
3.13152,-0.729863
2.56267,-1.02013
2.51614,-1.04514
2.79427,-0.89872
2.79946,-0.896059
2.81276,-0.889235
3.24099,-0.676765
3.46686,-0.569491
3.30584,-0.64566
3.11037,-0.740207
3.08307,-0.753613
3.16998,-0.711116
3.16848,-0.711847
3.69381,-0.464449
3.91278,-0.36538
3.86698,-0.385928
3.81481,-0.409447
3.3467,-0.626194
3.42491,-0.589196
3.94604,-0.350509
3.61377,-0.501206
3.61134,-0.502325
3.2811,-0.657495
2.83707,-0.876809
2.80082,-0.89536
3.10985,-0.740466
2.89959,-0.845061
3.09092,-0.749754
2.70114,-0.946949
2.57403,-1.01405
2.68798,-0.953829
2.65703,-0.970062
2.61387,-0.992855
2.95709,-0.816137
2.93954,-0.824937
3.59038,-0.512003
3.76526,-0.43189
3.89748,-0.372233
3.2136,-0.689979
3.56942,-0.521701
3.58783,-0.513182
4.1267,-0.270487
4.01014,-0.321974
3.96311,-0.342893
4.68841,-0.0287676
4.64543,-0.0469284
4.45508,-0.127991
4.37613,-0.161933
4.04903,-0.304739
3.42701,-0.588205
3.29059,-0.652954
2.97194,-0.808705
2.99102,-0.799184
3.90229,-0.370079
3.79694,-0.417527
3.79827,-0.416927
3.52896,-0.540489
3.29905,-0.648907
3.48145,-0.562657
3.32927,-0.634486
3.309,-0.644154
3.89565,-0.373055
3.38205,-0.609429
3.56251,-0.524904
4.16929,-0.251803
3.96711,-0.341109
3.34447,-0.627254
3.5668,-0.522915
3.9029,-0.369806
4.40525,-0.149392
4.52804,-0.0967971
4.09572,-0.284124
4.56908,-0.0793205
4.01713,-0.318871
3.53516,-0.537604
3.57688,-0.518251
3.14206,-0.724715
3.22523,-0.684361
3.22232,-0.685766
3.21941,-0.68717
3.44812,-0.578279
3.79503,-0.418395
3.56862,-0.522072
3.89066,-0.375296
4.03661,-0.310238
4.40542,-0.149316
4.40025,-0.151543
4.73095,-0.0108431
4.73014,-0.0111828
5.31716,0.231757
4.28467,-0.201495
4.75786,0.000472499
4.79489,0.016015
4.13623,-0.266301
4.15909,-0.256271
4.15868,-0.256452
3.88845,-0.376286
3.7055,-0.459108
3.08737,-0.751497
3.08821,-0.751085
3.41562,-0.593573
3.28098,-0.657556
3.2476,-0.673581
3.07228,-0.75892
3.17486,-0.708748
3.17141,-0.710422
2.74061,-0.926416
2.74395,-0.924685
3.17297,-0.709666
4.64978,-0.04509
4.65376,-0.0434082
4.39483,-0.153876
4.5315,-0.0953232
5.30861,0.228273
5.4561,0.288185
5.74024,0.402493
5.68664,0.381036
5.28438,0.21839
5.65249,0.367341
6.02632,0.516256
5.81223,0.431238
5.41615,0.271996
4.39868,-0.152216
3.51454,-0.547206
3.51819,-0.545506
3.66839,-0.476089
3.70239,-0.460528
3.28801,-0.654186
3.60051,-0.507324
3.2383,-0.678059
3.69952,-0.46184
4.02814,-0.313991
4.49956,-0.108958
4.64126,-0.0486944
4.86123,0.0437688
5.17248,0.172594
5.17561,0.173876
5.22279,0.193214
4.87112,0.0478988
5.19229,0.180721
4.94683,0.0794229
5.12304,0.152276
4.68916,-0.0284513
4.90055,0.0601693
4.89602,0.0582811
5.32401,0.234546
3.73734,-0.444589
3.5695,-0.521666
3.57009,-0.521393
3.6292,-0.494097
3.4806,-0.563057
3.58751,-0.513331
3.80457,-0.414078
3.36327,-0.618325
3.29954,-0.648674
3.5505,-0.530476
3.22913,-0.682482
3.81111,-0.411119
4.57845,-0.0753343
4.99517,0.0994759
5.987,0.500692
6.87734,0.8483
5.46879,0.293318
6.53402,0.715369
6.91817,0.864029
6.9184,0.864118
5.46894,0.293378
5.3288,0.236498
4.27833,-0.204245
4.27239,-0.206825
4.68449,-0.0304235
4.68136,-0.031745
5.29982,0.224689
4.41977,-0.143147
4.01829,-0.318355
4.01263,-0.32087
3.76367,-0.432613
3.57212,-0.520451
3.74807,-0.439702
3.84896,-0.394042
3.85836,-0.389808
3.8578,-0.39006
3.72227,-0.451454
3.89827,-0.371879
4.29001,-0.199176
4.75596,-0.000322494
5.18567,0.178006
4.83825,0.0341695
4.37329,-0.163157
4.45608,-0.127563
4.65609,-0.0424214
4.67112,-0.0360686
5.43067,0.277884
6.24204,0.601261
6.4885,0.697645
6.10605,0.547749
5.5712,0.334658
5.66042,0.37052
6.3179,0.631009
5.80108,0.42679
5.87599,0.456632
5.67416,0.376031
5.40226,0.266361
4.82885,0.0302383
4.83494,0.0327823
4.75728,0.00022888
4.83601,0.033231
4.6269,-0.0547743
4.40543,-0.149315
4.2276,-0.22632
4.26152,-0.211552
4.58709,-0.0716645
4.01575,-0.319486
3.63269,-0.492488
3.50554,-0.551404
3.53838,-0.536111
4.26294,-0.210933
4.87105,0.0478681
5.24681,0.203044
5.4948,0.303836
5.83166,0.438985
5.63487,0.360266
5.75434,0.408128
6.78081,0.81105
6.58165,0.733887
6.75987,0.802955
7.07758,0.92529
6.79275,0.815661
6.5594,0.725236
6.47435,0.692132
5.95789,0.489155
5.95177,0.48673
6.41783,0.670086
5.81433,0.432077
4.89933,0.0596582
6.3487,0.643065
6.10659,0.547961
6.10801,0.548521
5.29567,0.222995
5.14457,0.16113
5.96285,0.491124
6.3279,0.634924
5.77531,0.416508
5.77585,0.416721
5.68797,0.381566
5.49533,0.30405
5.49509,0.303952
5.36319,0.250491
5.46194,0.290549
5.6843,0.380098
5.44981,0.285637
5.61781,0.353412
5.87596,0.456618
5.7204,0.394553
5.77873,0.417871
5.7215,0.394996
5.56295,0.331334
5.56886,0.333715
4.7839,0.0114046
5.10786,0.146028
4.15472,-0.258185
5.2074,0.186913
5.05892,0.125846
5.05702,0.125063
4.95286,0.081927
5.09081,0.139001
5.56742,0.333137
5.4244,0.275343
5.66169,0.37103
6.28675,0.618803
5.86872,0.453739
5.70443,0.388161
4.99848,0.100848
5.08867,0.13812
5.08867,0.13812
6.31985,0.631772
5.06955,0.130233
5.27391,0.214114
5.93162,0.478734
4.16408,-0.254082
4.63268,-0.0523272
4.89175,0.0565018
4.89263,0.0568669
4.98031,0.0933164
5.53594,0.320445
5.20041,0.18405
5.09922,0.142466
4.8741,0.0491426
4.8221,0.0274102
5.36354,0.250633
5.09166,0.139353
4.48498,-0.115189
4.66013,-0.0407116
4.72653,-0.0127032
5.72048,0.394586
5.87564,0.456493
5.86557,0.452487
6.4035,0.66449
7.08703,0.928913
7.08703,0.928913
5.90162,0.466819
6.2022,0.58561
6.25716,0.607196
6.10491,0.547299
5.51762,0.313052
5.2173,0.190968
6.02689,0.516481
5.96917,0.493627
5.28992,0.220649
4.92468,0.0702149
5.43949,0.281458
6.57731,0.732197
6.2675,0.611252
6.22917,0.596207
5.75519,0.408468
4.4314,-0.138153
4.8908,0.0561057
4.05116,-0.303798
3.74308,-0.441976
3.95736,-0.345456
4.11316,-0.276445
4.67749,-0.0333798
4.82193,0.0273396
4.28036,-0.203367
4.55992,-0.083216
3.80315,-0.414718
4.04801,-0.305189
3.94009,-0.353165
3.37234,-0.614027
3.58771,-0.513236
3.52049,-0.544433
3.78016,-0.425131
3.81964,-0.407264
4.06959,-0.295653
5.08902,0.138266
4.87113,0.0478998
5.1909,0.180149
5.87789,0.457389
5.42615,0.276052
4.5613,-0.0826287
5.45105,0.286137
5.59978,0.346162
5.70279,0.387504
5.52242,0.314992
5.21697,0.19083
5.26283,0.209588
4.48022,-0.117226
4.08872,-0.287208
3.6549,-0.48228
4.37485,-0.162485
4.10974,-0.277949
3.70379,-0.45989
3.41908,-0.591939
3.00194,-0.793745
3.0127,-0.788393
3.1987,-0.697187
3.12424,-0.733418
3.77005,-0.429718
3.28923,-0.653604
3.58985,-0.512247
3.5766,-0.518377
3.99065,-0.330633
4.65972,-0.0408861
4.85228,0.0400333
4.9109,0.0644772
5.3037,0.226272
4.95567,0.0830921
5.02416,0.111482
5.75431,0.408117
5.99679,0.504571
5.41504,0.271546
4.54701,-0.0887112
4.79457,0.0158826
5.31195,0.229632
5.46378,0.291291
5.46571,0.292074
4.05019,-0.304224
4.02397,-0.315838
3.76942,-0.430002
3.84294,-0.396752
3.51322,-0.54782
3.36402,-0.617969
3.45991,-0.572746
3.8358,-0.399971
3.87202,-0.383665
3.66362,-0.478276
4.04079,-0.308386
4.39832,-0.152371
3.96686,-0.341223
3.96577,-0.341707
3.80531,-0.413741
3.73593,-0.445229
3.51986,-0.544727
3.6199,-0.498376
3.99252,-0.3298
4.02213,-0.316655
3.31486,-0.641357
3.49955,-0.554198
4.11466,-0.275786
4.08121,-0.290523
4.08121,-0.290523
3.86415,-0.387201
3.13407,-0.728614
4.08934,-0.286936
4.06355,-0.298318
4.24154,-0.220246
4.83716,0.0337103
3.77779,-0.426205
3.77704,-0.426547
3.94578,-0.350624
4.52111,-0.0997552
4.68131,-0.0317641
5.19095,0.180168
4.77274,0.00672273
4.78887,0.0134893
5.5671,0.333007
4.55022,-0.0873458
4.57255,-0.0778426
4.19544,-0.24036
3.75678,-0.435744
3.72635,-0.449595
3.77486,-0.427534
4.12204,-0.272537
4.20293,-0.237086
4.46711,-0.122838
4.31122,-0.189981
4.68263,-0.0312088
4.3617,-0.168154
4.30685,-0.191876
4.62693,-0.0547623
4.98936,0.0970702
4.98936,0.0970702
4.6313,-0.0529142
4.3553,-0.170916
4.29588,-0.196628
4.37013,-0.164516
4.33484,-0.179757
4.40853,-0.147981
3.97864,-0.335974
4.46656,-0.123072
4.67848,-0.0329617
4.5238,-0.0986074
4.6373,-0.0503723
5.35453,0.24697
5.19356,0.181241
5.66787,0.373509
5.69214,0.383237
5.32215,0.233788
4.97618,0.0916073
4.83608,0.0332595
4.76767,0.00459504
4.74103,-0.00660048
4.67453,-0.0346283
4.65156,-0.044336
4.93639,0.0750837
4.42728,-0.139923
4.16891,-0.251967
4.57393,-0.0772586
4.21494,-0.231841
4.07092,-0.295062
4.4351,-0.136562
4.6538,-0.0433899
4.89074,0.0560797
4.99667,0.100101
4.78107,0.0102209
4.68187,-0.0315272
4.26299,-0.21091
4.77537,0.00782839
4.66027,-0.040653
4.41044,-0.147157
4.74078,-0.00670416
4.69748,-0.0249419
4.24791,-0.217472
4.05457,-0.302289
4.1131,-0.276471
5.14715,0.162189
5.10149,0.143404
4.80256,0.0192288
4.56476,-0.081155
4.28099,-0.203091
4.135,-0.266841
4.20817,-0.234799
4.38041,-0.160087
4.27558,-0.205442
4.50778,-0.105443
4.16792,-0.252402
4.3578,-0.16984
4.31538,-0.18818
4.17448,-0.249531
4.12443,-0.271486
3.62863,-0.494357
3.62955,-0.493933
4.62522,-0.0554896
4.09834,-0.282969
4.174,-0.24974
3.92689,-0.359065
3.78984,-0.420744
4.10537,-0.279874
3.7711,-0.429241
3.72837,-0.448671
3.62248,-0.497191
3.69655,-0.463197
3.80463,-0.414049
3.67596,-0.472621
3.66928,-0.475684
3.69382,-0.464447
3.69566,-0.463602
3.60073,-0.50722
3.62027,-0.498208
3.69432,-0.464216
3.61314,-0.501497
3.72612,-0.449698
3.832,-0.401686
3.91521,-0.364291
3.9389,-0.353695
4.19769,-0.239376
3.91455,-0.364588
3.97471,-0.337725
4.23663,-0.222385
4.35827,-0.169636
4.51543,-0.10218
5.02436,0.111563
4.7275,-0.0122928
4.37808,-0.161091
4.29136,-0.19859
4.6292,-0.0538035
4.2335,-0.223747
4.31998,-0.186189
4.34092,-0.17713
4.06562,-0.297403
3.95795,-0.345193
3.79927,-0.416475
4.19951,-0.23858
4.44824,-0.130927
4.59628,-0.0677626
4.4656,-0.123486
3.7222,-0.451487
3.70602,-0.45887
3.48089,-0.562921
3.5167,-0.546201
4.43422,-0.136942
4.78349,0.0112349
4.62498,-0.0555893
4.01505,-0.319796
3.84084,-0.397698
4.54148,-0.0910695
4.12821,-0.269825
4.30911,-0.190893
4.33916,-0.177891
4.11387,-0.276134
4.11387,-0.276134
3.50773,-0.55038
3.46431,-0.570687
3.67826,-0.471569
3.65127,-0.483946
3.86024,-0.388962
3.84506,-0.395795
3.56779,-0.52246
3.58433,-0.514802
3.93612,-0.354937
3.92529,-0.359782
3.8,-0.416145
4.29344,-0.197689
4.20047,-0.238159
4.91683,0.066945
4.00308,-0.32511
4.07979,-0.291149
4.53161,-0.0952743
4.53715,-0.0929137
5.1176,0.150038
5.11435,0.148699
4.76385,0.00299191
4.61597,-0.0594106
4.76503,0.00348559
4.62708,-0.0546996
4.6217,-0.0569818
3.71605,-0.454289
3.34725,-0.62593
3.96487,-0.342107
4.21279,-0.232782
3.8517,-0.392807
3.7453,-0.440963
3.74225,-0.442351
3.77839,-0.425933
3.58916,-0.512569
3.8374,-0.399249
3.97623,-0.337047
3.977,-0.336706
4.17367,-0.249883
3.55925,-0.526417
4.58521,-0.0724642
4.58521,-0.0724642
4.18417,-0.245287
4.16853,-0.252134
4.33211,-0.180938
4.41342,-0.145878
4.62647,-0.0549573
5.32955,0.236803
5.32955,0.236803
5.18149,0.176292
4.35767,-0.169893
4.44977,-0.13027
3.90422,-0.369214
4.00824,-0.322819
4.02127,-0.317035
3.8711,-0.384078
3.46582,-0.569978
4.35885,-0.169387
4.61091,-0.0615549
3.74162,-0.442637
3.39794,-0.601917
3.26636,-0.664567
3.26809,-0.663735
3.52437,-0.542624
3.41199,-0.595283
3.31927,-0.639252
3.25576,-0.669659
3.77904,-0.425638
3.84335,-0.396566
3.26428,-0.665562
3.41997,-0.591521
3.55899,-0.526537
3.55495,-0.528413
3.92014,-0.362083
3.33853,-0.630079
3.85166,-0.392825
4.10776,-0.278822
4.29686,-0.196205
4.01177,-0.32125
4.30173,-0.194094
4.60752,-0.0629907
4.27865,-0.204106
4.89772,0.0589902
4.27528,-0.205571
4.14068,-0.264347
4.13177,-0.268259
4.42319,-0.14168
4.2066,-0.235483
4.73289,-0.0100244
4.60593,-0.0636685
3.51726,-0.545939
4.18619,-0.244405
5.0025,0.102513
4.19173,-0.241982
4.39812,-0.152458
3.86887,-0.385078
4.06623,-0.297137
3.51614,-0.546459
3.57975,-0.51692
3.15293,-0.719416
3.11325,-0.7388
3.24712,-0.673813
3.65276,-0.483264
3.67889,-0.47128
3.55569,-0.52807
3.85132,-0.392976
3.4952,-0.556228
3.40538,-0.598404
3.38797,-0.606628
3.75827,-0.435066
3.4674,-0.569235
3.38634,-0.607399
3.27405,-0.660878
3.16827,-0.711949
3.17504,-0.708658
2.89294,-0.848422
2.64373,-0.977069
2.99379,-0.797805
3.4723,-0.566942
3.68006,-0.470743
3.78734,-0.421878
3.84229,-0.397047
4.53384,-0.0943242
5.13418,0.156858
5.04155,0.118672
5.28913,0.220329
4.78536,0.0120182
4.28627,-0.2008
5.56131,0.330673
5.38699,0.260165
5.15306,0.164618
5.53909,0.321718
5.41452,0.271337
4.96977,0.088945
5.15965,0.167326
4.73199,-0.0104038
4.97056,0.089275
4.06784,-0.296425
4.39775,-0.152617
4.9496,0.0805714
3.96173,-0.343511
2.76227,-0.915211
2.24677,-1.19469
2.24677,-1.19469
2.50887,-1.04907
3.03903,-0.775337
3.84078,-0.397726
4.83928,0.0346001
4.3779,-0.161168
4.33278,-0.180649
4.12541,-0.271056
4.69655,-0.0253347
4.81232,0.0233165
4.30512,-0.192624
3.86427,-0.38715
3.36783,-0.616163
3.3934,-0.604058
2.58681,-1.00724
2.51324,-1.0467
2.43489,-1.08936
2.71092,-0.941847
2.74807,-0.922551
2.89174,-0.849029
3.02299,-0.783288
3.0737,-0.758221
3.08296,-0.753666
2.79589,-0.897891
2.78889,-0.901488
2.7034,-0.945773
3.31239,-0.642532
4.07819,-0.291852
4.03667,-0.310211
4.3288,-0.182371
4.3186,-0.186783
4.65786,-0.0416712
4.08373,-0.289412
4.13798,-0.265533
4.46399,-0.124175
4.13764,-0.265682
3.90773,-0.367639
4.4446,-0.132488
4.72215,-0.0145465
4.18094,-0.246701
4.26288,-0.21096
3.81468,-0.409507
3.13938,-0.726024
3.1979,-0.697571
2.52551,-1.04008
2.25911,-1.18764
2.21123,-1.21509
2.23719,-1.20017
2.39825,-1.10955
2.66874,-0.96391
2.6615,-0.967711
2.33156,-1.14668
2.32168,-1.15223
2.53832,-1.03319
2.53832,-1.03319
2.39784,-1.10977
2.48843,-1.06014
2.20641,-1.21787
2.26608,-1.18367
2.08534,-1.28877
2.08534,-1.28877
2.70367,-0.945629
2.9477,-0.820844
2.9477,-0.820844
3.22871,-0.682684
3.60275,-0.506287
3.64524,-0.486715
3.63875,-0.489699
3.09973,-0.745425
3.20749,-0.692931
2.9932,-0.798097
2.9932,-0.798097
2.79052,-0.900648
2.57367,-1.01425
2.58878,-1.00619
2.56775,-1.01741
2.56775,-1.01741
3.07293,-0.758602
3.07492,-0.757623
2.87738,-0.856304
2.98825,-0.800566
2.98825,-0.800566
2.63493,-0.981712
2.53812,-1.0333
2.58663,-1.00733
2.28628,-1.17221
2.22474,-1.20731
2.31364,-1.15675
2.49845,-1.05471
2.40855,-1.10386
2.65466,-0.971308
3.37016,-0.615059
3.16389,-0.714081
3.16102,-0.715476
3.16271,-0.714655
2.77487,-0.908707
2.46794,-1.07129
2.47135,-1.06943
1.96157,-1.36356
2.07517,-1.29482
2.07517,-1.29482
1.97126,-1.35762
2.05657,-1.30593
2.28131,-1.17502
3.10669,-0.742015
3.22797,-0.683037
3.3048,-0.646156
3.25299,-0.670989
2.69283,-0.951289
2.54067,-1.03192
2.40998,-1.10307
2.40998,-1.10307
2.12806,-1.2635
2.31536,-1.15579
2.31536,-1.15579
2.36256,-1.12936
2.26415,-1.18478
2.01912,-1.32847
2.22371,-1.20791
2.20839,-1.21672
2.22984,-1.20438
2.22984,-1.20438
2.24262,-1.19706
2.60598,-0.99704
2.54321,-1.03056
2.51366,-1.04648
2.51366,-1.04648
2.12887,-1.26303
2.17183,-1.2379
2.17183,-1.2379
2.16105,-1.24418
2.10852,-1.27503
2.10852,-1.27503
1.80216,-1.46386
1.92325,-1.38725
1.92325,-1.38725
1.88761,-1.40951
1.95943,-1.36488
1.96424,-1.36192
1.83826,-1.44072
1.87882,-1.41504
2.12236,-1.26686
2.08011,-1.29188
2.16994,-1.239
2.32622,-1.14968
2.32519,-1.15026
2.24304,-1.19682
2.49515,-1.05649
2.49515,-1.05649
2.48551,-1.06173
2.44447,-1.08411
2.41726,-1.09906
2.46844,-1.07102
2.49549,-1.05631
2.43332,-1.09023
2.16526,-1.24173
2.31807,-1.15426
2.38544,-1.11664
2.38544,-1.11664
2.51602,-1.0452
2.41468,-1.10048
2.75029,-0.921403
2.75029,-0.921403
2.79711,-0.897264
3.0039,-0.79277
3.00437,-0.792536
2.90485,-0.842403
2.60017,-1.00013
2.71105,-0.941783
2.65645,-0.97037
2.65645,-0.97037
2.95686,-0.816248
2.96272,-0.813316
2.96272,-0.813316
3.25854,-0.668319
3.25854,-0.668319
2.89955,-0.845083
2.98358,-0.802893
2.98262,-0.803371
3.14415,-0.723694
3.45373,-0.575645
3.28915,-0.65364
3.16912,-0.711538
3.16079,-0.715588
3.38999,-0.60567
3.19085,-0.70099
3.17957,-0.706462
3.17299,-0.709656
3.17299,-0.709656
3.15703,-0.717419
2.68774,-0.953954
2.77919,-0.906481
3.11683,-0.737043
3.04857,-0.77062
3.54868,-0.531323
3.35764,-0.620998
3.3932,-0.604156
3.58724,-0.513457
3.41933,-0.591822
3.12608,-0.73252
3.03645,-0.776619
3.03645,-0.776619
2.76265,-0.91501
2.61582,-0.991821
2.60636,-0.99684
2.64338,-0.977252
2.52951,-1.03793
2.52285,-1.04152
2.28652,-1.17207
2.55988,-1.02162
2.06607,-1.30025
2.52317,-1.04135
2.22045,-1.20978
2.44456,-1.08406
2.41547,-1.10005
2.48791,-1.06042
2.37689,-1.12138
3.44757,-0.578541
3.46259,-0.571491
3.70566,-0.459036
3.24899,-0.672913
3.24772,-0.673526
2.627,-0.985905
2.63032,-0.984145
2.6295,-0.984578
2.59736,-1.00162
2.70449,-0.945203
2.71441,-0.940033
2.8399,-0.875364
2.8399,-0.875364
3.03859,-0.77556
3.0592,-0.765374
3.17354,-0.709386
3.29459,-0.651041
3.29699,-0.649889
3.60233,-0.506484
3.54554,-0.532783
3.55071,-0.530383
3.55292,-0.529353
3.55514,-0.528323
3.28342,-0.656385
3.62832,-0.494499
3.40045,-0.600728
3.36153,-0.619151
3.61037,-0.502772
2.38491,-1.11693
2.20035,-1.22137
2.2528,-1.19124
2.56069,-1.02119
2.56165,-1.02067
2.51043,-1.04822
2.5114,-1.0477
2.51237,-1.04718
2.59391,-1.00346
2.58108,-1.01029
2.50088,-1.05339
2.60822,-0.995849
2.56879,-1.01685
2.65709,-0.97003
2.77946,-0.906342
2.64329,-0.9773
2.6496,-0.973976
2.36517,-1.1279
2.30103,-1.16386
2.39821,-1.10957
2.39734,-1.11005
2.70238,-0.946301
2.65275,-0.972314
2.51603,-1.0452
2.52875,-1.03834
2.60652,-0.996752
2.62189,-0.988605
2.68207,-0.956922
2.95697,-0.816195
2.90694,-0.841351
3.02862,-0.780497
2.8381,-0.876279
2.15615,-1.24704
2.13464,-1.25964
2.41269,-1.10157
2.60268,-0.998794
2.22784,-1.20553
2.57571,-1.01315
2.41721,-1.09909
2.97131,-0.809019
3.40007,-0.600908
3.60562,-0.504965
3.50538,-0.551478
3.78891,-0.421163
3.10685,-0.741932
3.56071,-0.525742
3.08072,-0.754767
3.32353,-0.63722
3.25366,-0.670667
2.89615,-0.846799
2.8191,-0.885988
2.98472,-0.802322
3.21804,-0.687831
3.04584,-0.771971
3.27192,-0.661896
3.18497,-0.703841
3.21319,-0.690173
2.84298,-0.873791
2.99052,-0.799433
3.30656,-0.645319
3.26964,-0.662992
3.52355,-0.543006
3.52901,-0.540467
3.30682,-0.645193
2.62224,-0.988419
3.21244,-0.690538
3.11117,-0.739816
2.9308,-0.829332
3.54434,-0.533341
3.21434,-0.689621
2.70702,-0.943882
2.59635,-1.00216
2.7533,-0.919844
3.36232,-0.618775
3.54785,-0.531709
3.54013,-0.535294
3.51937,-0.544955
3.28272,-0.656723
3.22006,-0.686856
3.246,-0.674349
3.24682,-0.673955
3.24764,-0.673561
3.18132,-0.705611
3.72295,-0.451144
3.56359,-0.524407
4.14929,-0.26057
3.94828,-0.34951
3.69642,-0.463255
4.15921,-0.256221
3.95214,-0.347785
4.03266,-0.311985
3.72058,-0.452223
3.4719,-0.567129
3.38838,-0.606433
3.2483,-0.673246
3.34522,-0.626897
3.47397,-0.566158
3.31515,-0.641219
3.24561,-0.674537
3.16218,-0.714912
3.06904,-0.760519
3.13472,-0.728296
2.94675,-0.82132
3.84442,-0.396085
3.69319,-0.464733
4.86789,0.046548
5.26397,0.210056
4.73775,-0.00798031
4.79495,0.0160416
5.31826,0.232206
4.97319,0.0903639
4.44604,-0.131868
4.38802,-0.156809
4.14584,-0.262084
4.14219,-0.263685
4.2528,-0.215342
3.62878,-0.49429
3.50299,-0.552591
4.18253,-0.246007
3.64854,-0.4852
3.27843,-0.658776
3.14025,-0.725598
3.13935,-0.726036
3.06063,-0.764664
2.74438,-0.924464
2.70043,-0.947321
2.58048,-1.01061
2.39533,-1.11116
2.87098,-0.859552
2.99597,-0.796715
2.86916,-0.860476
3.02408,-0.782747
2.96504,-0.812154
2.86495,-0.862614
2.79598,-0.897845
2.85735,-0.866477
2.82408,-0.883443
2.73694,-0.928323
2.62315,-0.987939
2.65623,-0.970485
2.62531,-0.986796
2.47741,-1.06613
2.16127,-1.24405
2.11113,-1.27348
2.21716,-1.21167
2.21454,-1.21318
2.29617,-1.16661
2.23693,-1.20032
2.3494,-1.1367
2.1382,-1.25755
2.56445,-1.01917
2.7243,-0.934888
4.07108,-0.294992
3.56826,-0.522243
3.11781,-0.736564
2.85014,-0.870147
3.12632,-0.732402
3.37212,-0.61413
3.71197,-0.456154
3.45201,-0.576454
2.33992,-1.142
2.42058,-1.09723
2.41978,-1.09767
2.3041,-1.16213
2.39272,-1.11261
3.58361,-0.515133
3.76007,-0.43425
3.93078,-0.357324
3.69981,-0.461709
3.31176,-0.642836
2.42713,-1.09363
2.63509,-0.981626
2.65729,-0.969928
2.14216,-1.25523
2.00533,-1.33684
1.90639,-1.39775
1.79988,-1.46533
1.64034,-1.571
1.99968,-1.34027
2.30825,-1.15979
2.20304,-1.21981
2.21,-1.2158
2.21,-1.2158
2.3341,-1.14526
2.20369,-1.21944
2.10152,-1.27916
2.09984,-1.28016
2.04905,-1.31044
1.73885,-1.50509
1.48073,-1.683
1.33084,-1.79512
1.83986,-1.43971
2.11261,-1.27261
2.2108,-1.21533
2.45535,-1.07816
2.16142,-1.24396
2.15486,-1.24779
2.30073,-1.16403
2.24702,-1.19455
1.81342,-1.45662
1.81243,-1.45726
1.72677,-1.51305
1.68784,-1.53894
2.24214,-1.19733
2.34324,-1.14014
2.45052,-1.0808
2.20257,-1.22009
2.15282,-1.24899
2.09893,-1.2807
1.94703,-1.37252
2.44669,-1.0829
2.49198,-1.05822
2.48799,-1.06038
2.48106,-1.06414
2.53338,-1.03584
2.98972,-0.799831
3.13914,-0.726137
3.18651,-0.703092
3.0287,-0.780454
3.02356,-0.783003
3.01842,-0.785555
2.49719,-1.05539
2.65181,-0.972812
2.70321,-0.945868
2.90251,-0.843587
2.64456,-0.976632
2.74199,-0.925703
2.7329,-0.930415
2.95112,-0.819125
2.95603,-0.816665
2.9698,-0.809775
3.49639,-0.555675
3.84169,-0.397314
3.38154,-0.609668
2.63437,-0.982007
2.08719,-1.28766
3.01177,-0.788856
3.47306,-0.566583
3.24169,-0.676428
3.35365,-0.622891
3.57361,-0.519764
4.06987,-0.295526
4.03655,-0.310265
4.56694,-0.0802308
4.56384,-0.0815469
4.37761,-0.161293
4.39932,-0.151941
4.63379,-0.0518586
3.7613,-0.433688
3.7558,-0.43619
3.56904,-0.521878
3.56904,-0.521878
3.56904,-0.521878
3.56302,-0.52467
1.9883,-1.3472
2.13409,-1.25996
3.09556,-0.747472
1.98745,-1.34772
3.34985,-0.624695
2.83146,-0.879669
3.31153,-0.642942
2.94862,-0.820381
3.49407,-0.556759
4.14072,-0.264331
4.07526,-0.293147
3.42487,-0.589214
3.11222,-0.739301
3.20215,-0.695514
3.84556,-0.395571
4.25578,-0.214047
4.25549,-0.214173
4.82318,0.0278623
5.15193,0.164153
5.66388,0.371909
6.2063,0.587223
6.31288,0.629043
6.43414,0.67645
6.71411,0.785255
6.15968,0.568881
6.56781,0.728505
5.98915,0.501544
6.60326,0.742278
5.5428,0.323211
5.1287,0.154604
4.8025,0.0192042
4.4936,-0.111504
4.93101,0.0728451
4.76184,0.00214468
3.90564,-0.368576
4.07471,-0.293388
4.15776,-0.256852
4.21251,-0.232903
4.05811,-0.300724
3.67586,-0.472668
3.60533,-0.505096
3.7085,-0.457739
3.7357,-0.445331
4.04153,-0.308057
4.13319,-0.267637
4.12633,-0.270652
3.87791,-0.381018
3.73988,-0.44343
3.75158,-0.438107
4.12311,-0.272065
4.59058,-0.0701834
4.78026,0.00987974
4.94214,0.0774714
4.88081,0.0519382
4.23717,-0.222149
4.30086,-0.194472
4.19312,-0.241374
3.76267,-0.433067
3.68137,-0.47014
3.29864,-0.649103
3.88908,-0.376002
3.64954,-0.484742
4.4119,-0.146531
4.27849,-0.204176
4.24793,-0.217463
3.996,-0.328255
3.69578,-0.46355
3.81968,-0.407247
3.43892,-0.582603
2.90543,-0.842114
3.15612,-0.717862
3.37339,-0.613527
3.17134,-0.710457
3.17649,-0.707953
3.01888,-0.785327
3.13483,-0.728244
3.13639,-0.72748
2.61931,-0.98997
3.13891,-0.726251
3.19347,-0.699718
3.07932,-0.755455
3.63654,-0.490719
3.55485,-0.52846
3.26131,-0.666988
3.26163,-0.666836
3.26163,-0.666836
3.26163,-0.666836
3.26163,-0.666836
3.26163,-0.666836
3.26131,-0.666988
3.26131,-0.666988
3.26131,-0.666988
3.26131,-0.666988
3.26131,-0.666988
3.26131,-0.666988
3.26163,-0.666836
3.26195,-0.666683
3.26195,-0.666683
3.26227,-0.666531
3.26259,-0.666378
3.2629,-0.666225
3.26322,-0.666072
3.26322,-0.666072
3.26354,-0.665918
3.26354,-0.665918
3.72577,-0.449856
3.74606,-0.440617
4.02718,-0.314414
3.42749,-0.587978
3.75886,-0.4348
3.9653,-0.341918
4.12951,-0.269252
4.29308,-0.197846
4.12843,-0.269727
3.81125,-0.411056
3.42584,-0.588759
3.77942,-0.425466
3.45196,-0.576477
3.07298,-0.758579
3.7695,-0.429967
3.54735,-0.531941
3.46732,-0.569276
3.63146,-0.493057
3.58677,-0.513674
3.62335,-0.49679
3.46825,-0.568837
3.23642,-0.678966
3.46251,-0.571527
3.38076,-0.61004
3.61753,-0.49947
3.52977,-0.540113
3.40932,-0.596545
2.9947,-0.79735
3.02031,-0.784615
3.64911,-0.484939
3.0912,-0.749616
3.64956,-0.48473
3.57709,-0.518151
3.86299,-0.387725
3.84074,-0.397744
4.58094,-0.0742767
4.58208,-0.0737943
4.2256,-0.227194
3.56254,-0.524893
3.78537,-0.422769
3.64908,-0.484952
2.95447,-0.817446
3.41431,-0.594189
2.77492,-0.908679
2.96955,-0.8099
3.08819,-0.751092
2.72614,-0.933927
2.90994,-0.839834
2.7464,-0.923417
2.7208,-0.936708
2.18151,-1.23228
2.05875,-1.30463
2.24,-1.19856
2.21713,-1.21169
2.36189,-1.12973
2.39069,-1.11373
2.43572,-1.08891
2.23176,-1.20328
2.08966,-1.2862
2.03025,-1.32175
1.84272,-1.43789
1.4014,-1.74141
0.597082,-2.52201
0.849734,-2.22349
0.896698,-2.17531
1.57507,-1.61597
3.25044,-0.672216
4.1774,-0.248253
3.99822,-0.327268
4.03267,-0.311984
4.05226,-0.303311
4.59511,-0.0682602
4.37072,-0.164263
3.71016,-0.456981
3.49161,-0.557907
3.77637,-0.426848
3.85263,-0.392387
3.92964,-0.357834
4.32836,-0.182561
4.14566,-0.26216
3.96447,-0.342287
3.85127,-0.393001
3.58674,-0.513685
4.05043,-0.304119
3.59535,-0.509707
3.14644,-0.72258
3.12762,-0.731767
3.7005,-0.46139
5.08527,0.136716
5.09807,0.141994
4.92185,0.0690341
4.51882,-0.100729
4.52142,-0.0996201
4.31203,-0.189629
4.1524,-0.259204
4.3328,-0.180642
4.90811,0.0633147
4.73649,-0.00850943
4.3978,-0.152597
4.58479,-0.0726424
4.46243,-0.124842
5.054,0.123815
5.07119,0.130909
4.65348,-0.0435231
4.652,-0.0441502
4.95481,0.0827366
4.37889,-0.160739
4.00844,-0.322729
4.00901,-0.322477
4.02137,-0.316991
3.9214,-0.36152
4.16801,-0.252364
4.14825,-0.261024
4.51364,-0.102943
4.63778,-0.0501694
5.08537,0.136758
4.38945,-0.156191
3.71557,-0.454508
4.35677,-0.170282
4.08194,-0.290201
3.54731,-0.531961
3.58231,-0.515737
3.71744,-0.453654
3.57388,-0.51964
3.78994,-0.420699
3.48229,-0.562266
3.58738,-0.513389
3.53669,-0.536896
3.42506,-0.589123
3.46739,-0.56924
3.39668,-0.602512
3.69346,-0.46461
3.8089,-0.412118
3.99366,-0.329293
4.09315,-0.285258
3.91568,-0.364081
4.15546,-0.257862
4.18818,-0.243533
4.31018,-0.190431
4.31018,-0.190431
3.14806,-0.721789
2.90349,-0.84309
2.93507,-0.827185
2.89371,-0.848035
2.99488,-0.797261
2.88788,-0.850982
2.88698,-0.851442
3.18044,-0.706038
3.53167,-0.539229
3.41066,-0.595913
2.91259,-0.8385
2.44489,-1.08388
2.49741,-1.05527
2.4956,-1.05625
2.36292,-1.12916
2.50149,-1.05306
2.50935,-1.04881
2.28493,-1.17297
2.8394,-0.875618
3.25338,-0.670801
3.68029,-0.470636
4.47613,-0.118976
4.75018,-0.00275126
4.03295,-0.311857
5.17065,0.171841
5.82502,0.436338
5.79793,0.425537
5.98608,0.500328
5.77208,0.415218
5.7323,0.399319
5.85394,0.447856
6.17056,0.573166
5.54327,0.323402
5.38141,0.257897
4.75642,-0.000128662
5.20747,0.186939
5.29462,0.222569
4.55422,-0.0856419
4.85185,0.0398506
4.38325,-0.158862
4.60298,-0.0649197
4.29314,-0.197816
5.5022,0.306827
5.50474,0.307851
6.17541,0.575072
5.36823,0.252542
5.26072,0.208726
5.90459,0.468002
5.68251,0.379379
5.39976,0.265348
4.80388,0.0197841
5.21463,0.189876
5.37743,0.256279
6.75728,0.801956
5.17747,0.174642
6.91528,0.862917
7.81393,1.20551
7.16892,0.960285
7.22726,0.9826
6.81416,0.823929
6.85837,0.840986
6.4436,0.680139
5.98822,0.501176
5.53397,0.31965
6.07072,0.533805
6.17285,0.574064
6.62773,0.751776
6.26729,0.61117
6.15586,0.567379
5.56855,0.333591
5.56113,0.330601
5.43117,0.278086
5.9836,0.499347
6.46178,0.68723
5.6544,0.368104
5.58537,0.340361
6.08441,0.539211
6.24488,0.602375
5.52842,0.317414
5.24601,0.202714
5.41419,0.2712
5.84387,0.443847
5.2639,0.210026
4.9349,0.0744612
5.14462,0.161151
4.88121,0.0521062
4.97598,0.0915228
5.32735,0.235909
4.71481,-0.0176364
4.86144,0.0438574
4.99031,0.097465
4.71431,-0.0178461
5.06437,0.128095
5.79359,0.423805
6.2984,0.62337
5.86897,0.453838
5.33826,0.24035
5.4212,0.274043
5.66536,0.372501
5.81794,0.433516
5.80244,0.427334
6.07198,0.534302
5.76572,0.412676
5.644,0.363933
5.74457,0.404225
5.8527,0.447362
5.64897,0.365926
5.35643,0.247743
4.95699,0.0836413
5.10635,0.145406
5.43217,0.278491
5.28851,0.220075
5.69857,0.385814
5.59098,0.342618
5.35837,0.248533
5.31499,0.230874
5.57936,0.337941
5.77941,0.418142
6.70432,0.781462
7.01747,0.902219
6.75662,0.801698
6.43527,0.67689
6.41707,0.669788
5.98059,0.498152
5.3133,0.230183
5.71878,0.393905
5.26914,0.212166
4.61337,-0.06051
4.20373,-0.236739
3.9131,-0.365238
3.8259,-0.404437
3.63905,-0.489562
3.43556,-0.584181
2.95468,-0.817345
3.20576,-0.693767
2.74196,-0.925716
2.69898,-0.94808
2.78865,-0.901611
3.0387,-0.775501
3.40627,-0.597983
3.93182,-0.356859
3.92975,-0.357786
3.98377,-0.333693
4.372,-0.163714
4.37267,-0.163422
5.108,0.146083
5.43265,0.278685
5.07737,0.133459
4.96546,0.0871578
4.50565,-0.106354
4.50459,-0.106808
4.37101,-0.164137
4.58787,-0.0713343
5.0354,0.116127
5.06299,0.127524
4.69805,-0.0247026
5.59585,0.34458
5.57676,0.336897
5.05196,0.122973
4.81339,0.0237674
4.25733,-0.213375
4.48287,-0.116092
5.30668,0.227485
4.45504,-0.128009
3.60937,-0.503236
3.50092,-0.553562
3.17961,-0.70644
